"settlement_id","lon","lat","type","settlement_score","capacity","sacred_tier","continent","source","coastal","on_river","population","coast_dist_km","is_port","degree","component","in_giant","from_junction","population_initial","hinterland_local","hinterland_regional","centrality_betweenness","accessibility","name_community","name","inkarnate"
"1",-108.655,32.775,"permanent",0.15757717192173,34.6042556762695,7,"Canada","sacred",0,0,2691.07482193642,23.4331861863543,TRUE,12,1,TRUE,FALSE,1038,404782.820530891,2057353.87514973,0,8.13222795854174,1,"Bembaide",NA
"2",-98.115,42.735,"permanent",0.496552616357803,118.442657470703,7,"Canada","sacred",0,0,9031.93650233227,450.548333159294,FALSE,9,1,TRUE,FALSE,3553,982692.02986145,8452692.68646622,1.85799010062874e-05,12.1064531038055,2,"Ruthomei",NA
"3",-44.385,43.125,"permanent",0.571213364601135,139.855712890625,7,"Canada","sacred",0,0,16314.910397228,49.5039109512371,TRUE,48,1,TRUE,FALSE,4196,1202246.15037537,7577305.69347382,0.0104626076837977,26.1306269009421,3,"Ghixekegh",NA
"4",-118.445,42.185,"permanent",0.476207762956619,113.067199707031,7,"Canada","sacred",0,0,7551.16177055667,71.8650303484946,FALSE,1,1,FALSE,FALSE,3392,929158.920173645,6762012.59986305,0,8.25957440133418,1,"Paiwaelvi",NA
"5",-61.065,40.085,"permanent",0.551653206348419,133.01171875,7,"Canada","sacred",0,0,12805.6737752351,273.695011009101,FALSE,8,1,TRUE,FALSE,3990,1105438.35366058,8739056.44255066,0.00159918092718307,20.0312611647893,4,"Tsaembiep",NA
"6",-100.285,46.245,"permanent",0.487096339464188,117.956367492676,7,"Canada","sacred",0,0,9175.68710625262,152.609794277572,FALSE,5,1,TRUE,FALSE,3539,897248.995563507,7556732.53048706,0.000277105952150915,12.6066053292061,1,"Waelfingi",NA
"7",-92.5922511738571,58.6987627492204,"permanent",0.128460302948952,29.2179889678955,7,"Canada","sacred",0,0,2432.22648750621,4.00430400414224,TRUE,28,1,TRUE,FALSE,877,146209.811365128,903570.390501022,0.00206289986601237,12.135387720858,5,"Sauweinau",NA
"8",-78.035,33.175,"permanent",0.445033401250839,112.189819335938,8,"Canada","sacred",0,0,6061.365417841,62.5738174788522,FALSE,2,1,TRUE,FALSE,3366,877784.904312134,3611456.2658844,0,11.8111349867193,6,"Kaiheirau",NA
"9",-115.625,34.775,"permanent",0.172352015972137,35.6465950012207,8,"Canada","sacred",0,0,3252.33844544177,146.483165758331,FALSE,2,1,FALSE,FALSE,1069,388968.30286026,3299574.13016558,0,7.14044101120174,1,"Vaedwenae",NA
"10",-83.865,52.805,"permanent",0.448125809431076,115.443153381348,8,"Canada","sacred",0,0,7705.21844625351,28.518033051756,TRUE,31,1,TRUE,FALSE,3463,1234577.334198,5682882.62457085,0,15.1054355382754,5,"Vaisaulei",NA
"11",-93.875,41.945,"permanent",0.476607352495193,115.920860290527,8,"Canada","sacred",0,0,16511.4089841027,627.725277479903,FALSE,11,1,TRUE,FALSE,3478,1014555.71651459,9147193.9164505,0.0197559358204367,15.1014739269129,2,"Omeitso",NA
"12",-68.725,65.995,"permanent",0.162836506962776,32.3020210266113,8,"Canada","sacred",1,0,6559.31858678116,1.95771533612534,TRUE,35,1,TRUE,FALSE,969,367192.00351572,4075952.40177727,0.0256848551510918,11.0855634883546,5,"Ishemwei",NA
"13",-75.035,38.375,"permanent",0.598037779331207,135.946563720703,0,"Canada","confluence",0,1,14598.4781239026,438.309458789266,FALSE,7,1,TRUE,FALSE,4078,1045172.4262619,9112796.6355896,0.00506240369417978,14.9807266762215,6,"Meheibau",NA
"14",-89.455,40.525,"permanent",0.57526570558548,130.261627197266,0,"Canada","confluence",0,1,16082.1845650984,768.658751448746,FALSE,12,1,TRUE,FALSE,3908,1021721.31340027,7944824.94564819,0.0151827165160102,17.6554629331869,6,"Raibheiha",NA
"15",-78.575,48.365,"permanent",0.591571092605591,136.387817382812,0,"Canada","confluence",0,1,22132.4958855708,270.457621836871,FALSE,2,1,TRUE,FALSE,4092,1228227.27045441,10815490.8625946,0.0649882468854777,12.56059566892,6,"Aibaughe",NA
"16",-80.275,38.775,"permanent",0.578991413116455,132.69499206543,0,"Canada","confluence",0,1,16000.1484309395,641.902007827463,FALSE,6,1,TRUE,FALSE,3981,1020544.12897491,8938914.58853149,0.0129284259744892,13.1023558852131,6,"Raibgamha",NA
"17",-100.415,31.935,"permanent",0.531915366649628,120.142189025879,0,"Canada","confluence",0,1,7016.73496111007,458.895401211124,FALSE,1,1,TRUE,FALSE,3604,792099.321941376,5583043.29441833,0,7.29347211958274,1,"Paibaide",NA
"18",-94.335,35.625,"permanent",0.542512238025665,123.758308410645,0,"Canada","confluence",0,1,8673.3098363033,708.107340740343,FALSE,3,1,TRUE,FALSE,3713,909005.950332642,7412535.72669983,7.21961867672883e-05,10.7510886166065,2,"Meimiruan",NA
"19",-83.125,34.455,"permanent",0.550059378147125,125.739356994629,0,"Canada","confluence",0,1,10906.2182306578,315.250632485398,FALSE,5,1,TRUE,FALSE,3772,929052.761909485,7605813.49968719,0.00158497542128968,12.0505654269347,6,"Heihame",NA
"20",-114.545,37.395,"permanent",0.519830048084259,117.714019775391,0,"Canada","confluence",0,1,9019.17542517786,339.877880732986,FALSE,3,1,FALSE,FALSE,3531,869566.979179382,4702846.78123665,0.00288154685787103,10.0785386831663,1,"Vetviwen",NA
"21",-53.805,44.535,"permanent",0.623987317085266,145.549591064453,0,"Canada","confluence",0,1,17617.9359912032,131.449786414227,FALSE,3,1,TRUE,FALSE,4366,1224830.65619659,10861538.984169,0.00846075606394883,15.8623756743835,3,"Kafagheki",NA
"22",-65.925,42.395,"permanent",0.598243772983551,139.015625,0,"Canada","confluence",0,1,10847.829095361,132.820223224589,FALSE,4,1,TRUE,FALSE,4170,1134633.23890686,7085826.95026398,0.000725854799312296,18.3549844149093,4,"Wimbiep",NA
"23",-100.585,44.165,"permanent",0.552942514419556,126.278358459473,0,"Canada","confluence",0,1,12116.5057575735,277.803104931146,FALSE,10,1,TRUE,FALSE,3788,1058232.1652832,8684651.1738205,0.00206289986601237,13.2765462866585,2,"Bopdio",NA
"24",-87.985,48.935,"permanent",0.562769770622253,130.339874267578,0,"Canada","score",1,0,18786.3612457518,2.0987144322269,TRUE,31,1,TRUE,FALSE,3910,898477.453039169,8571408.43463898,0.044773314590637,13.9030266966643,6,"Maizgamai",NA
"25",-62.775,55.295,"permanent",0.541289508342743,132.091278076172,0,"Canada","score",1,0,4841.31555223919,4.31853784526211,TRUE,48,1,TRUE,FALSE,3963,251040.255878448,1541633.15110207,0,16.7696509570383,5,"Vaiphauy",NA
"26",-31.085,43.585,"permanent",0.670879185199738,157.34196472168,0,"Canada","score",1,0,23617.4770025989,1.1950518435965,TRUE,54,1,TRUE,FALSE,4720,871135.149871826,6990940.20209885,0.132080800273496,24.0474592554819,3,"Xekafo",NA
"27",-105.835,46.265,"permanent",0.455986201763153,111.31689453125,0,"Canada","score",1,0,8871.64222161816,0.537894043448381,TRUE,24,1,TRUE,FALSE,3340,641424.907434464,4580963.32975006,0.00199816988831305,15.8083320444646,1,"Devetbem",NA
"28",-110.135,45.545,"permanent",0.458444833755493,112.689422607422,0,"Canada","score",1,0,8141.61619914141,2.07470259708801,TRUE,19,1,TRUE,FALSE,3381,848920.65250206,3861168.20414925,0.00212235554923249,13.1311355279498,1,"Khibemde",NA
"29",-41.105,40.485,"permanent",0.573317170143127,135.688812255859,0,"Canada","score",1,0,9665.28620917415,0.406190460295642,TRUE,47,1,TRUE,FALSE,4071,559191.41242981,2229696.0274353,0.00779938742445564,35.2536727595157,3,"Daghoxei",NA
"30",-37.305,48.365,"permanent",0.723302662372589,163.885559082031,0,"Canada","score",1,0,12667.2651146573,6.02418789797592,TRUE,51,1,TRUE,FALSE,4917,1020906.77910614,6116125.87342072,0.00144392373534577,31.1815307543045,7,"Firovdei",NA
"31",-78.055,53.885,"permanent",0.518631041049957,125.582984924316,0,"Canada","score",1,0,14975.7754559062,3.08525800008115,TRUE,38,1,TRUE,FALSE,3767,704409.545877457,4791369.27680016,0.049096769079081,16.7825727415424,5,"Isheisau",NA
"32",-63.525,50.465,"permanent",0.514389336109161,126.447814941406,0,"Canada","score",1,0,6866.24990876608,1.60993715793463,TRUE,51,1,TRUE,FALSE,3793,451017.231119156,1570297.6917057,0.00347921917700594,23.471014122881,5,"Ilongwei",NA
"33",-57.005,32.645,"permanent",0.687465190887451,171.035659790039,0,"Canada","score",1,0,12360.2240728667,3.8673685543461,TRUE,43,1,TRUE,FALSE,5131,618742.599975586,3831826.20878601,0.00723600666314642,22.0054981248874,4,"Aekwibau",NA
"34",-56.885,30.665,"permanent",0.720433115959167,175.622100830078,0,"Canada","score",1,0,4996.89925690493,3.07235788986445,TRUE,43,1,TRUE,FALSE,5269,397579.086303711,1105915.1133194,0,21.6374277053178,4,"Tsaewius",NA
"35",-65.475,53.245,"permanent",0.520342588424683,128.832855224609,0,"Canada","score",1,0,17814.4441343525,2.55026155089773,TRUE,51,1,TRUE,FALSE,3865,735459.634185791,4515900.73959732,0.144833513469897,20.5482885059849,5,"Veiweisau",NA
"36",-51.975,54.715,"permanent",0.675232708454132,153.96403503418,0,"Canada","score",1,0,13981.6147546549,4.53191693417542,TRUE,50,1,TRUE,FALSE,4619,583403.512136459,2796936.21904755,0.15602551498177,18.3578552007149,5,"Phiyphoi",NA
"37",-111.835,44.365,"permanent",0.478328704833984,115.198348999023,0,"Canada","score",1,0,13341.1294184522,5.99009366792906,TRUE,19,1,TRUE,FALSE,3456,924700.511154175,5803320.83563614,0.0226820600261747,12.1100808525801,1,"Vetighai",NA
"38",-105.035,29.685,"permanent",0.730590999126434,166.399993896484,0,"Canada","score",1,0,10484.0792938784,5.3174551776854,TRUE,11,1,TRUE,FALSE,4992,657187.565628052,4345870.93444061,0.00428399431773542,8.64057705168962,1,"Bemaekhi",NA
"39",-39.015,49.995,"permanent",0.573625981807709,138.078414916992,0,"Canada","score",1,0,19840.5356735992,1.07067769952166,TRUE,51,1,TRUE,FALSE,4142,507909.440876007,5007836.68744469,0.157168975175129,23.9586576954055,7,"Vokhachfi",NA
"40",-33.285,47.085,"permanent",0.538233816623688,134.536437988281,0,"Canada","score",1,0,15000.1671762053,2.65283429249643,TRUE,54,1,TRUE,FALSE,4036,313095.053131104,3000691.53992081,0.164100870813417,23.8293573743476,7,"Vokhaeyya",NA
"41",-103.035,47.435,"permanent",0.636220812797546,136.177703857422,0,"Canada","score",1,0,13207.6600191576,3.73456597521342,TRUE,28,1,TRUE,FALSE,4085,596586.575012207,3769244.7109623,0.0340332762447218,15.8910547127763,1,"Khibemvi",NA
"42",-100.055,27.655,"permanent",0.630023658275604,151.022720336914,0,"Canada","score",1,0,7651.77403009686,0.426513130200478,TRUE,9,1,TRUE,FALSE,4531,484516.465843201,4779184.95412827,0.000100862319748418,8.57875968227229,1,"Ghaidepai",NA
"43",-40.635,39.145,"permanent",0.715689182281494,163.164215087891,0,"Canada","score",1,0,12177.7062029677,2.88910011759873,TRUE,47,1,TRUE,FALSE,4895,1049633.96574402,4811330.44902039,0.00216694731164758,35.2381866331475,3,"Kafanoira",NA
"44",-55.905,31.445,"permanent",0.313287943601608,71.1062316894531,0,"Canada","score",1,0,5897.41085108617,2.91001592508843,TRUE,43,1,TRUE,FALSE,2133,365297.515274048,1179739.57258606,0.0155657102087532,25.7035410466073,4,"Aekpaumbi",NA
"45",-38.535,39.685,"permanent",0.535034894943237,135.176864624023,0,"Canada","score",1,0,6773.14793109881,3.91850128452666,TRUE,48,1,TRUE,FALSE,4055,866701.841934204,2494792.043396,6.95419151949616e-05,35.6606544065602,3,"Faeneixxe",NA
"46",-58.325,34.295,"permanent",0.531934440135956,128.553192138672,0,"Canada","score",1,0,7984.28233330491,2.10995638919324,TRUE,46,1,TRUE,FALSE,3857,552687.08291626,4694475.77780151,7.23731382054434e-05,21.0961680768236,4,"Ezbauwi",NA
"47",-65.375,43.235,"permanent",0.584428191184998,135.198791503906,0,"Canada","score",1,0,7811.714044226,3.83908648165129,TRUE,49,1,TRUE,FALSE,4056,768411.660560608,3103978.57630157,0.00100119123708166,18.7805801380173,4,"Aetsepez",NA
"48",-57.525,45.235,"permanent",0.522285282611847,129.08512878418,0,"Canada","score",1,0,8109.58475634079,2.04760419862455,TRUE,51,1,TRUE,FALSE,3873,574229.766624451,1954623.03469658,0.00703488137529489,19.6010096544317,4,"Mbipauwi",NA
"49",-100.755,54.925,"permanent",0.524453699588776,125.655067443848,0,"Canada","score",1,0,7120.82221775887,3.37248543899044,TRUE,27,1,TRUE,FALSE,3770,391982.583406448,3503138.80883408,0.000661444475823833,11.4312380000691,1,"Videi",NA
"50",-44.385,41.285,"permanent",0.559388875961304,137.761108398438,0,"Canada","score",1,0,12175.6223916836,5.72088482902565,TRUE,49,1,TRUE,FALSE,4133,763205.511917114,6215491.8225174,0.00226753156485033,26.7970185526163,3,"Ifaenoi",NA
"51",-57.055,54.015,"permanent",0.567660927772522,136.658187866211,0,"Canada","score",1,0,6302.63407239897,4.70229645567734,TRUE,49,1,TRUE,FALSE,4100,296601.87912941,2612173.61765099,0,21.2404323718461,5,"Sauweivei",NA
"52",-67.355,51.865,"permanent",0.546932697296143,131.489044189453,0,"Canada","score",1,0,12232.7417265931,3.37653896263529,TRUE,51,1,TRUE,FALSE,3945,633853.189958572,6321795.54345131,0.00374889316875434,19.5624845739811,5,"Veimiwsai",NA
"53",-38.305,41.495,"permanent",0.590202212333679,142.925033569336,0,"Canada","score",1,0,2060.52254721984,0.404087959749529,TRUE,48,1,TRUE,FALSE,4288,197825.498363495,412193.012420654,0.0723841091946091,33.8787726961999,3,"Okafi",NA
"54",-58.585,52.695,"permanent",0.509933650493622,125.966293334961,0,"Canada","score",1,0,4369.52341328241,3.68962387865922,TRUE,49,1,TRUE,FALSE,3779,263456.979248047,1121656.60289955,0,22.9958617140796,5,"Shemvei",NA
"55",-57.325,40.555,"permanent",0.621480524539948,142.836959838867,0,"Canada","score",1,0,11374.4089673884,7.28977731034323,TRUE,49,1,TRUE,FALSE,4285,833963.836486816,4333216.47646332,0.00465413628031281,22.8672763347347,4,"Ezwikaets",NA
"56",-105.485,48.845,"permanent",0.541738331317902,122.407615661621,0,"Canada","score",1,0,7430.27710085396,2.64113508613408,TRUE,24,1,TRUE,FALSE,3672,606155.443511963,3761899.35262108,0.000535101148981078,15.2992639236848,1,"Depaivaed",NA
"57",-72.335,55.425,"permanent",0.555182993412018,132.846710205078,0,"Canada","score",1,0,12367.1720659841,2.11215549088406,TRUE,46,1,TRUE,FALSE,3985,273865.044898987,2473976.61372757,0.140502803972489,16.1494524529488,5,"Pholeiwei",NA
"58",-93.285,50.485,"permanent",0.494067400693893,120.37272644043,0,"Canada","score",1,0,10523.9147257597,3.64419834414609,TRUE,29,1,TRUE,FALSE,3611,902275.384799957,6950122.06805801,0.00146675047086778,15.0550778899286,1,"Khibemvet",NA
"59",-74.725,53.625,"permanent",0.508984327316284,125.177375793457,0,"Canada","score",1,0,8507.22855979511,3.55744220652618,TRUE,40,1,TRUE,FALSE,3755,907825.225986481,6346457.62060928,0,16.7879810451971,5,"Weileipho",NA
"60",-82.225,52.735,"permanent",0.457028448581696,116.213363647461,0,"Canada","score",1,0,8223.76102000529,3.58496431583632,TRUE,34,1,TRUE,FALSE,3486,475385.973649979,1645112.012043,0.044574775077027,16.7701682634858,5,"Phauyipho",NA
"61",-36.825,40.165,"permanent",0.711473286151886,162.590576171875,0,"Canada","score",1,0,11924.5668651496,7.13758012772172,TRUE,50,1,TRUE,FALSE,4878,765026.370422363,2430338.20248413,0.0167898602579103,32.0442170069409,3,"Kegheghek",NA
"62",-39.935,37.885,"permanent",0.582678973674774,140.575134277344,0,"Canada","score",1,0,13614.829710331,1.69555379547458,TRUE,47,1,TRUE,FALSE,4217,552570.762039185,2723563.06434631,0.0821635073756899,35.0976147314172,3,"Oeneixash",NA
"63",-96.925,49.445,"permanent",0.554346203804016,128.0400390625,0,"Canada","score",1,0,15923.9345926375,2.62885419753619,TRUE,30,1,TRUE,FALSE,3841,761761.015228271,6239651.78326225,0.0391441354400464,13.9440801391819,1,"Yetsdebem",NA
"64",-63.525,52.145,"permanent",0.537049770355225,131.259231567383,0,"Canada","score",1,0,7322.62747274607,4.65343071673043,TRUE,50,1,TRUE,FALSE,3938,800724.936992645,3734949.14340973,5.30854314465355e-07,24.3401641144337,5,"Shemiveim",NA
"65",-38.935,38.635,"permanent",0.660463154315948,154.255813598633,0,"Canada","score",1,0,7100.07800735733,7.07478473404872,TRUE,48,1,TRUE,FALSE,4628,773107.169998169,1644265.26693726,0.000996413548251472,38.5096018363028,3,"Kaekegho",NA
"66",-42.305,41.035,"permanent",0.53958922624588,135.101898193359,0,"Canada","score",1,0,9151.81393181317,3.8892335337719,TRUE,47,1,TRUE,FALSE,4053,946613.616500854,5599014.74886703,1.77709801461498e-05,30.67390802525,3,"Ofeghnoi",NA
"67",-61.765,51.295,"permanent",0.508143603801727,125.418556213379,0,"Canada","score",1,0,6898.96166836343,0.958269903082727,TRUE,50,1,TRUE,FALSE,3763,305241.677961349,1453688.39834785,0.00429354969539579,25.3884500183437,5,"Weisaupho",NA
"68",-84.815,37.835,"permanent",0.55018025636673,126.989440917969,0,"Canada","score",0,1,8768.69002697304,670.104951832913,FALSE,6,1,TRUE,FALSE,3810,971293.437210083,6394463.17201996,0,19.3429431752385,6,"Meirpanai",NA
"69",-101.655,40.715,"permanent",0.574217438697815,128.204376220703,0,"Canada","score",0,1,9968.78894956519,570.098610801231,FALSE,8,1,TRUE,FALSE,3846,980207.038341522,8652938.54051018,0.000134381977890373,14.143005480495,2,"Meirutso",NA
"70",-86.925,40.945,"permanent",0.557727634906769,128.556060791016,0,"Canada","score",0,1,9160.47688361094,731.06744254977,FALSE,11,1,TRUE,FALSE,3857,1032579.42061615,7268425.47982025,2.66842768737919e-05,16.2105494936112,6,"Aiheigam",NA
"71",-81.305,36.055,"permanent",0.572031199932098,130.613906860352,0,"Canada","score",0,1,13116.4927366275,419.011928473314,FALSE,7,1,TRUE,FALSE,3918,970147.951019287,7896738.64941406,0.00440719140911735,14.2505731293526,6,"Haheimaim",NA
"72",-88.505,35.385,"permanent",0.534597396850586,122.927017211914,0,"Canada","score",0,1,12237.4891671632,538.485165889815,FALSE,5,1,TRUE,FALSE,3688,905434.747810364,7558911.6190567,0.00439547372377314,12.1367382724815,6,"Gammegaib",NA
"73",-88.975,37.475,"permanent",0.540417969226837,124.261924743652,0,"Canada","score",0,1,12872.9902123921,741.040620394414,FALSE,9,1,TRUE,FALSE,3728,935556.146430969,7667519.39068604,0.00518096115774368,13.7205882468973,6,"Haghegein",NA
"74",-106.885,44.935,"permanent",0.538505077362061,124.290748596191,0,"Canada","score",0,1,10089.0483470246,119.556339777613,FALSE,7,1,TRUE,FALSE,3729,1064401.28701782,7826453.45506287,0.000655074224050249,12.299357984777,1,"Paikhivi",NA
"75",-94.335,37.635,"permanent",0.548654198646545,124.691123962402,0,"Canada","score",0,1,7958.76629256117,888.678545611279,FALSE,6,1,TRUE,FALSE,3741,948513.97593689,5963001.24424744,0,12.8965930904937,2,"Didobop",NA
"76",-47.965,49.025,"permanent",0.61877965927124,146.045440673828,0,"Canada","score",0,1,8840.70393191121,146.619751829289,FALSE,4,1,TRUE,FALSE,4381,1324065.6662178,5665525.52621841,0,19.1074791191546,3,"Ghixeo",NA
"77",-83.435,37.835,"permanent",0.558561265468597,128.661804199219,0,"Canada","score",0,1,10381.9513949455,635.970257167889,FALSE,5,1,TRUE,FALSE,3860,981374.739135742,6310606.82264709,0.000999244771261954,19.7590900427227,6,"Panmehaon",NA
"78",-47.555,40.395,"permanent",0.630567014217377,147.829360961914,0,"Canada","score",0,1,11914.4608510592,109.426562608331,FALSE,3,1,TRUE,FALSE,4435,1181577.54734802,9992396.66139984,0.000210749162842746,17.7801565479603,3,"Akeghxe",NA
"79",-73.065,41.545,"permanent",0.607637405395508,138.752517700195,0,"Canada","score",0,1,11877.3198030821,335.367395256199,FALSE,5,1,TRUE,FALSE,4163,1116744.42511749,9735349.11631012,0.000722669673425504,13.0244661231659,6,"Kairauhei",NA
"80",-38.625,47.575,"permanent",0.721682250499725,163.495269775391,0,"Canada","score",0,1,13428.7517472512,41.958730267668,TRUE,52,1,TRUE,FALSE,4905,1421975.60823059,6458340.31776428,0.00199406575657007,30.9568036905321,7,"Deifarud",NA
"81",-94.935,38.895,"permanent",0.525807201862335,121.517776489258,0,"Canada","score",0,1,10940.7027748019,853.062724144199,FALSE,8,1,TRUE,FALSE,3646,927581.533760071,6366817.2809906,0.00293185532360876,14.0179401548273,2,"Miboptso",NA
"82",-113.475,36.665,"permanent",0.506170034408569,115.999549865723,0,"Canada","score",0,1,7803.56356648019,269.249783951179,FALSE,3,1,FALSE,FALSE,3480,787159.846317291,4199093.41791725,0.00144395798401122,9.53668679767744,1,"Ghaivipai",NA
"83",-59.005,41.135,"permanent",0.618131518363953,143.558639526367,0,"Canada","score",0,1,8624.06044667679,31.7174420959975,TRUE,49,1,TRUE,FALSE,4307,986732.417934418,4703449.29023933,0.000163680080293485,21.7761836919937,4,"Aimaekmbi",NA
"84",-47.695,50.035,"permanent",0.626305222511292,147.225387573242,0,"Canada","score",0,1,9769.36683399219,76.1376786978938,FALSE,3,1,TRUE,FALSE,4417,1374122.79792786,7361790.7827301,0,16.9395090639628,3,"Ghikaefae",NA
"85",-55.425,40.115,"permanent",0.613218903541565,143.562072753906,0,"Canada","score",0,1,10488.8169678155,95.2955958915885,FALSE,6,1,TRUE,FALSE,4307,1128690.15483856,8274167.12296295,4.97233541215883e-05,18.9490730107606,4,"Epghaunez",NA
"86",-103.365,31.785,"permanent",0.528831958770752,119.197731018066,0,"Canada","score",0,1,7499.83259784827,238.57862710967,FALSE,2,1,TRUE,FALSE,3576,484252.586921692,4574191.24669266,0.000722492721987349,8.3783337989006,1,"Paivaedvi",NA
"87",-97.555,40.105,"permanent",0.562894344329834,126.605758666992,0,"Canada","score",0,1,11947.1033390487,688.245506272035,FALSE,11,1,TRUE,FALSE,3798,980946.790351868,8313263.0885582,0.00172368667275651,15.8388063423605,2,"Dotsippo",NA
"88",-105.985,41.905,"permanent",0.565685272216797,126.777397155762,0,"Canada","score",0,1,9345.42891912802,347.952907958671,FALSE,8,1,TRUE,FALSE,3803,1006409.31314278,7734960.02983093,0.000193230970465389,12.0308032810404,2,"Moomi",NA
"89",-40.275,46.965,"permanent",0.638140618801117,150.842376708984,0,"Canada","score",0,1,10338.2493144952,207.474938397987,FALSE,4,1,TRUE,FALSE,4525,1308261.20729446,7362791.25159073,0,23.2323836290854,7,"Forathya",NA
"90",-115.585,40.865,"permanent",0.462949931621552,111.145690917969,0,"Canada","score",0,0,12265.2586303186,221.747753624577,FALSE,1,1,FALSE,FALSE,3334,926632.791717529,8078965.45268631,0.00671021479070109,9.17472639133051,1,"Idebem",NA
"91",-81.885,42.545,"permanent",0.484152108430862,119.732406616211,0,"Canada","score",0,0,14865.7506312154,625.236129418967,FALSE,3,1,TRUE,FALSE,3592,1047444.50874329,7825568.94497681,0.0156358569761364,13.4489426299522,6,"Hapanmaim",NA
"92",-35.975,47.535,"permanent",0.55354243516922,138.433883666992,0,"Canada","score",0,0,9833.3055243575,105.270531008158,FALSE,3,1,TRUE,FALSE,4153,1310116.45036316,7148901.08208084,0,23.3917915702594,7,"Fadeirov",NA
"93",-109.395,37.945,"permanent",0.492034494876862,115.210548400879,0,"Canada","score",0,0,5683.41062072122,569.666869166248,FALSE,2,1,FALSE,FALSE,3456,505943.907588959,3521042.34939575,0,7.44554227092219,1,"Wenaefing",NA
"94",-49.025,47.495,"permanent",0.524254679679871,131.350021362305,0,"Canada","score",0,0,10685.3343284027,336.553177369156,FALSE,5,1,TRUE,FALSE,3941,1263497.04886627,4806579.90482521,0.00288360063617581,21.8609676781995,3,"Ghiighek",NA
"95",-49.435,36.895,"permanent",0.535597801208496,133.327545166016,0,"Canada","score",0,0,17206.9987959698,45.0257216260439,TRUE,47,1,TRUE,FALSE,4000,1092748.94410706,8277084.29940796,0.0180076400552938,19.5866683603864,3,"Anoneixi",NA
"96",-75.975,33.935,"permanent",0.49611222743988,120.221206665039,0,"Canada","score",0,0,7409.99380675004,83.2529192595217,FALSE,5,1,TRUE,FALSE,3607,933177.554382324,4932918.32334518,1.59256294339607e-05,14.9472439243137,6,"Hamaizai",NA
"97",-87.325,39.415,"permanent",0.437098056077957,110.823570251465,0,"Canada","score",0,0,9211.64229439502,873.057150414045,FALSE,8,1,TRUE,FALSE,3325,940798.314849854,5939757.01126862,0.0012186645545743,14.2174130705125,6,"Aigeinha",NA
"98",-49.135,46.535,"permanent",0.543497443199158,134.260452270508,0,"Canada","score",0,0,15939.1550472221,446.007521707957,FALSE,4,1,TRUE,FALSE,4028,1269191.682724,8233431.35551453,0.00967535073544561,21.1108744578455,3,"Nofaeghii",NA
"99",-39.275,45.495,"permanent",0.585463404655457,142.970779418945,0,"Canada","score",0,0,13125.5955889955,119.441683429321,FALSE,3,1,TRUE,FALSE,4289,1294525.66342163,9191507.07758713,0.00107267961809634,21.9242989693051,7,"Rovrudtha",NA
"100",-56.435,37.715,"permanent",0.56107896566391,135.576354980469,0,"Canada","score",0,0,16623.3863267756,329.59051377806,FALSE,8,1,TRUE,FALSE,4067,1056719.18120575,9540244.14286041,0.00837097318747314,20.0216452333255,4,"Aikwiepor",NA
"101",-83.555,31.345,"permanent",0.437322348356247,109.391403198242,0,"Canada","score",0,0,6782.13044141546,28.807527318337,TRUE,13,1,TRUE,FALSE,3282,743631.032251358,4541746.63810158,0.000146515790792438,10.8700979329024,6,"Aimaizme",NA
"102",-74.485,33.735,"permanent",0.47241735458374,116.93879699707,0,"Canada","score",0,0,6609.92967553201,25.5603821289127,TRUE,40,1,TRUE,FALSE,3508,786680.781005859,3602745.23581696,0.000103162688444434,15.6466298873601,6,"Geingheme",NA
"103",-55.085,33.935,"permanent",0.541163980960846,132.522308349609,0,"Canada","score",0,0,14102.6900639708,106.803016149429,FALSE,7,1,TRUE,FALSE,3976,1006939.24951935,8123557.95128632,0.00488485290437941,18.7904438238786,4,"Aikpaumbi",NA
"104",-82.575,43.935,"permanent",0.468548059463501,117.503532409668,0,"Canada","score",0,0,14965.4122865121,477.059363450198,FALSE,3,1,TRUE,FALSE,3525,1103508.98809052,7950341.72929382,0.0163439817009596,13.6109070222372,6,"Baukaighe",NA
"105",-78.635,34.245,"permanent",0.510956943035126,121.880729675293,0,"Canada","score",0,0,9870.33345223818,181.160441488713,FALSE,5,1,TRUE,FALSE,3656,916753.08631134,6213108.44718933,0.00145772594752187,13.0750328419007,6,"Ghaheigam",NA
"106",-70.625,36.295,"permanent",0.509532928466797,124.137718200684,0,"Canada","score",0,0,9308.87858124339,183.565691536714,FALSE,4,1,TRUE,FALSE,3724,973651.942672729,8789608.43411255,0,11.8864896740667,6,"Panairau",NA
"107",-94.125,51.375,"permanent",0.522294223308563,125.265899658203,0,"Canada","score",0,0,8216.29600400258,68.0330653633931,FALSE,2,1,TRUE,FALSE,3758,938224.215702057,6350241.41158295,0,13.1325612905295,1,"Khiikhaid",NA
"108",-49.705,48.605,"permanent",0.605488419532776,143.683441162109,0,"Canada","score",0,0,12453.8016663563,233.596676258686,FALSE,4,1,TRUE,FALSE,4311,1309888.72807312,7008897.69314575,0.00216429304007525,19.9842428746084,3,"Afaeghii",NA
"109",-41.835,43.795,"permanent",0.585385143756866,142.628356933594,0,"Canada","score",0,0,12511.139477421,17.3420046668251,TRUE,46,1,TRUE,FALSE,4279,992565.933006287,6678731.85634995,0.00218711977559726,24.1814963160779,3,"Daghfegha",NA
"110",-85.225,45.675,"permanent",0.52529513835907,125.817924499512,0,"Canada","score",0,0,19375.6133868359,283.427694377689,FALSE,4,1,TRUE,FALSE,3775,1131201.55628204,10083456.4709702,0.0377214688579855,13.7646866514309,6,"Geghhabau",NA
"111",-60.485,42.495,"permanent",0.519115686416626,128.676040649414,0,"Canada","score",0,0,8718.53647562737,67.0308909218017,FALSE,5,1,TRUE,FALSE,3860,1115163.39923859,6560860.49204826,0,16.5373736462834,4,"Wiepaek",NA
"112",168.356462952185,86.1326643386815,"permanent",0.0528394356369972,5.49604415893555,7,"Amazonia","sacred",0,0,1187.3351815731,4.63122964565456,TRUE,7,1,TRUE,FALSE,165,527343.255234241,2362994.6513834,0,5.72895486021916,8,"Wauzi",NA
"113",136.335,85.635,"permanent",0.0646628960967064,5.70730066299438,7,"Amazonia","sacred",0,0,1759.17646410843,28.707992611099,TRUE,8,1,TRUE,FALSE,171,471383.713899136,2218423.86508512,0.00719042168943324,5.31884871255052,8,"Rulizi",NA
"114",167.815,88.915,"permanent",0.0730815827846527,5.81712818145752,8,"Amazonia","sacred",0,0,2120.0959551756,108.28149158507,FALSE,0,1,FALSE,FALSE,175,1624713.22238636,9405047.74577284,0,4.32514571619565,8,"Relipau",NA
"115",124.185,86.825,"permanent",0.124287307262421,6.56897783279419,0,"Amazonia","confluence",0,1,1869.9268417344,27.4131621060241,TRUE,3,1,TRUE,FALSE,197,684072.374637127,3346399.96178436,0.00288519319911921,3.7030947474474,9,"Bugaukbau",NA
"116",-2.91500000000002,88.175,"permanent",0.110280737280846,6.39712524414062,0,"Amazonia","confluence",0,1,2054.11390218788,49.4458959081406,TRUE,0,1,FALSE,FALSE,192,1197238.56176519,9221176.25862122,0,2.66030166128767,9,"Keigaub",NA
"117",-105.765,86.225,"permanent",0.106963723897934,6.26604413986206,0,"Amazonia","confluence",0,1,1565.57075393574,0.236930624589324,TRUE,4,1,TRUE,FALSE,188,571200.546818256,4200087.38752651,0,4.89514131437752,8,"Thauruaru",NA
"118",92.205,87.275,"permanent",0.105967126786709,6.33617544174194,0,"Amazonia","confluence",0,1,2183.9610625574,47.0425417680852,TRUE,1,1,TRUE,FALSE,190,721525.870189667,6634651.38567686,0.00144392373534577,2.79126829262696,9,"Bushaaru",NA
"119",150.245,87.185,"permanent",0.103209368884563,6.25115919113159,0,"Amazonia","confluence",0,1,1729.18325094895,43.1979083931856,TRUE,5,1,TRUE,FALSE,188,771787.927335262,3942496.57133675,0.000722492721987349,4.54087598903359,8,"Laidezru",NA
"120",-65.105,88.955,"permanent",0.100242279469967,6.20952177047729,0,"Amazonia","confluence",0,1,48623.8405834261,3.60581163218373,TRUE,0,2,FALSE,FALSE,186,2182700.90602064,19025221.7795625,0,0,10,"Yidifhub",NA
"121",-115.055,83.935,"permanent",0.587400615215302,135.116485595703,0,"Amazonia","score",1,0,7579.89787407324,1.94812115653045,TRUE,10,1,TRUE,FALSE,4053,409969.154007435,1529781.28245354,0.0136157053602837,11.0603138959782,8,"Rupauwau",NA
"122",-89.875,84.665,"permanent",0.615850687026978,138.578842163086,0,"Amazonia","score",1,0,6858.34417504661,0.266295223340392,TRUE,9,1,TRUE,FALSE,4157,466415.492528439,2269310.08865786,0.00215349900234779,9.5040339957314,8,"Pauredez",NA
"123",-124.985,84.025,"permanent",0.538942873477936,127.23412322998,0,"Amazonia","score",1,0,4053.22103128352,0.425134470730009,TRUE,9,1,TRUE,FALSE,3817,266597.922474384,1223544.70161247,0,10.4524576343859,8,"Repauru",NA
"124",-56.355,85.695,"permanent",0.34037172794342,74.606315612793,0,"Amazonia","score",0,0,4600.0418705595,12.7564849527124,TRUE,9,1,TRUE,FALSE,2238,1144865.3758235,3205436.16244555,0,8.69412976793297,8,"Ziruuth",NA
"125",-74.635,85.515,"permanent",0.554173469543457,131.954238891602,0,"Amazonia","score",0,0,6553.54245480604,15.9937320283223,TRUE,8,1,TRUE,FALSE,3959,793793.981659889,3041450.50109816,0.000722492721987349,7.81885816628355,8,"Daufauli",NA
"126",75.365,-15.465,"permanent",0.205460757017136,57.0256423950195,7,"Kiliman","sacred",0,0,4855.67490619608,245.616512670207,FALSE,5,1,TRUE,FALSE,1711,373086.625865936,3309591.92649841,0,26.4366900005375,11,"Reighimei",NA
"127",68.695,-15.535,"permanent",0.212611809372902,58.152099609375,7,"Kiliman","sacred",0,0,5911.79215082344,626.321741955301,FALSE,6,1,TRUE,FALSE,1745,375277.513813019,3328725.90455627,0.000969870832528204,30.726790544684,11,"Saireig",NA
"128",66.115,-23.635,"permanent",0.317912518978119,94.8789978027344,7,"Kiliman","sacred",0,0,7230.10788068688,119.070524613427,FALSE,7,1,TRUE,FALSE,2846,805032.138916016,4814978.29017639,0,28.9495720581818,12,"Afarro",NA
"129",75.005,-28.475,"permanent",0.297937959432602,91.2389450073242,8,"Kiliman","sacred",0,0,6981.95213223923,52.2234975927851,FALSE,6,1,TRUE,FALSE,2737,766579.806144714,5475158.58607483,0,17.6289979126682,12,"Abirouth",NA
"130",62.215,-19.815,"permanent",0.308024436235428,93.7705078125,9,"Kiliman","sacred",0,0,8438.12648945628,282.784298081821,FALSE,8,1,TRUE,FALSE,2813,775360.450614929,6450811.8533783,0,36.5459851288989,13,"Ephaelu",NA
"131",77.585,-27.015,"permanent",0.582170069217682,181.204208374023,0,"Kiliman","confluence",0,1,14580.2427453905,128.817805967567,FALSE,5,1,TRUE,FALSE,5436,1150253.52017212,7623603.7555542,0.00146226799572562,30.9941932301168,12,"Biadblei",NA
"132",65.725,-16.175,"permanent",0.245320111513138,61.6934013366699,0,"Kiliman","confluence",0,1,9391.38235049014,408.328014275977,FALSE,14,1,TRUE,FALSE,1851,390592.430038452,3411194.95939255,0.0213626393227148,36.1534447120544,13,"Bunauteor",NA
"133",67.255,-11.965,"permanent",0.762615501880646,244.918014526367,0,"Kiliman","confluence",0,1,24026.9940661934,259.660987562324,FALSE,8,1,TRUE,FALSE,7348,1518808.29533386,12168597.6406898,0.00499003055597434,32.1189694225658,11,"Eicheisai",NA
"134",72.285,-25.965,"permanent",0.339626342058182,97.4524917602539,0,"Kiliman","confluence",0,1,10062.0375727471,146.392391324636,FALSE,8,1,TRUE,FALSE,2924,843698.774604797,5290970.11958694,0.00359925854257392,22.3512839937384,12,"Alphama",NA
"135",68.805,-23.335,"permanent",0.751112401485443,242.155609130859,0,"Kiliman","confluence",0,1,15957.2743853151,204.335702615015,FALSE,7,1,TRUE,FALSE,7265,1196669.83956146,6864721.43923569,0.00153093134084303,31.5847073439442,12,"Bimamfous",NA
"136",73.505,-26.575,"permanent",0.339445829391479,97.3765487670898,0,"Kiliman","confluence",0,0,10579.6042303292,140.175311436149,FALSE,7,1,TRUE,FALSE,2921,854042.974243164,6556227.81203842,0.00288355361411532,20.4276244407473,12,"Forolpei",NA
"137",76.965,-15.225,"permanent",0.744949579238892,240.231002807617,0,"Kiliman","confluence",0,0,14198.2625813142,95.978811592827,FALSE,5,1,TRUE,FALSE,7207,1521168.00172424,9624863.4185257,3.71598020125749e-06,21.7663277866449,11,"Hirsisaik",NA
"138",70.825,-24.135,"permanent",0.574581623077393,180.510726928711,0,"Kiliman","confluence",0,0,16411.7976027472,198.338190057713,FALSE,7,1,TRUE,FALSE,5415,1202212.60342789,6228366.86552811,0.00999773769442453,23.5143580072511,12,"Roiblei",NA
"139",77.785,-25.595,"permanent",0.567369878292084,178.444274902344,0,"Kiliman","confluence",0,0,10619.420803489,289.773033459735,FALSE,5,1,TRUE,FALSE,5353,1155519.07638931,6011780.41973495,0,30.6299250981521,12,"Imamro",NA
"140",72.935,-14.275,"permanent",0.234459638595581,60.2333946228027,0,"Kiliman","confluence",0,0,5569.66292920947,309.122910183783,FALSE,7,1,TRUE,FALSE,1807,378752.722454071,4025587.08491516,0,32.6294612840782,11,"Himeisaik",NA
"141",68.005,-21.085,"permanent",0.234849244356155,60.4465827941895,0,"Kiliman","confluence",0,0,9463.15589016377,442.767430254454,FALSE,7,1,TRUE,FALSE,1813,390254.918376923,4088029.29782867,0.0184684216002497,27.9741356930301,12,"Eibleima",NA
"142",81.885,-28.265,"permanent",0.695524513721466,225.889419555664,0,"Kiliman","score",1,0,8719.28898984454,0.433562297189478,TRUE,16,1,TRUE,FALSE,6777,441465.725212097,3614282.67905426,4.99003055597434e-05,15.2373503177145,12,"Iforfaus",NA
"143",64.455,-9.245,"permanent",0.731894910335541,235.916870117188,0,"Kiliman","score",1,0,21352.1545811922,5.53636692026979,TRUE,81,1,TRUE,FALSE,7078,804846.728057861,5949827.51921082,0.0189833502852811,39.3154546656143,14,"Tavainkhe",NA
"144",63.035,-24.985,"permanent",0.685558974742889,218.564086914062,0,"Kiliman","score",1,0,8861.97481996012,0.457248640648121,TRUE,76,1,TRUE,FALSE,6557,239448.215698242,2283149.88572693,0.000832202613643522,27.5885678957762,12,"Ilpeibi",NA
"145",60.605,-16.715,"permanent",0.666264533996582,222.035766601562,0,"Kiliman","score",1,0,14458.2574646043,2.42146673769952,TRUE,89,1,TRUE,FALSE,6661,831033.781784058,8435952.99923706,7.96281471698033e-06,46.5950472651717,13,"Ludepbae",NA
"146",59.705,-21.455,"permanent",0.67744255065918,225.075393676758,0,"Kiliman","score",1,0,12824.7363330001,6.10855172487368,TRUE,85,1,TRUE,FALSE,6752,642553.794807434,3352258.48027039,0.00288147721891795,41.7565704920379,13,"Exaiphae",NA
"147",71.865,-11.215,"permanent",0.798256158828735,245.415634155273,0,"Kiliman","score",1,0,20803.3751470675,5.807043830349,TRUE,69,1,TRUE,FALSE,7362,796270.435317993,6356827.73591614,0.0113415254771142,39.6733778960104,11,"Sisheibgheiwemiai",NA
"148",58.765,-17.705,"permanent",0.810173392295837,250.327667236328,0,"Kiliman","score",1,0,16190.8246145536,1.44017313915102,TRUE,91,1,TRUE,FALSE,7510,545804.138122559,3582034.80804443,0.00806243837666155,48.3878739028154,13,"Xuphubxai",NA
"149",80.105,-17.255,"permanent",0.681181132793427,220.486404418945,0,"Kiliman","score",1,0,14263.6186853747,1.46245296881473,TRUE,36,1,TRUE,FALSE,6615,626141.988067627,7065768.21471405,0.00145347911300614,18.4727486719954,11,"Eichsaisi",NA
"150",59.255,-20.055,"permanent",0.719896018505096,234.852798461914,0,"Kiliman","score",1,0,15214.9938856789,2.54227964477297,TRUE,88,1,TRUE,FALSE,7046,851169.317489624,4955880.85484314,0.00237911208599556,45.618452372465,13,"Xaiphubxu",NA
"151",59.515,-15.105,"permanent",0.699250102043152,229.250869750977,0,"Kiliman","score",1,0,17441.332913859,5.02133899899232,TRUE,93,1,TRUE,FALSE,6878,919296.49407959,3489032.14729309,0.0378028435388306,49.6124627681858,13,"Ebuwaedai",NA
"152",67.355,-24.085,"permanent",0.753436028957367,243.321243286133,0,"Kiliman","score",0,1,10921.9628823298,62.2498390029681,FALSE,8,1,TRUE,FALSE,7300,840908.149589539,4545999.61164856,0,32.6445203973868,12,"Birfalpha",NA
"153",71.575,-13.825,"permanent",0.750518143177032,242.602630615234,0,"Kiliman","score",0,1,15942.5998516053,278.306426316237,FALSE,8,1,TRUE,FALSE,7278,968635.415218353,7637532.66429901,0.000722492721987349,38.0811197174844,11,"Eisiyeing",NA
"154",69.405,-12.205,"permanent",0.7481929063797,242.311904907227,0,"Kiliman","score",0,1,19167.1928757755,203.088902597461,FALSE,7,1,TRUE,FALSE,7269,1489801.71835327,12181322.7146721,0.000745142506071204,31.387563754767,11,"Hireisaik",NA
"155",-10.275,-29.345,"permanent",0.531079053878784,160.558746337891,7,"Fingers","sacred",0,0,11297.1701404681,454.386390382183,FALSE,21,1,TRUE,FALSE,4817,776632.631248474,7009441.03557587,9.76771938616254e-05,33.9544791634661,15,"Sapesulis",NA
"156",-12.655,-34.335,"permanent",0.535445094108582,159.910888671875,7,"Fingers","sacred",0,0,12027.0316741364,646.355567569429,FALSE,23,1,TRUE,FALSE,4797,1215338.5329895,7868212.94564819,0.000128466744100616,35.4090777344238,15,"Aupezel",NA
"157",-0.0650000000000261,-30.605,"permanent",0.568083584308624,169.779251098633,7,"Fingers","sacred",0,0,12716.489846081,51.9979967484334,FALSE,9,1,TRUE,FALSE,5093,1202888.19430542,7801376.91634369,0.000722492721987349,22.334268457391,16,"Aumaukyau",NA
"158",-8.29500000000002,-44.335,"permanent",0.501054763793945,151.791152954102,8,"Fingers","sacred",0,0,11892.0767419557,76.6384941838885,FALSE,22,1,TRUE,FALSE,4554,1370125.67431641,8973032.99504089,0,32.6329257528858,16,"Yaesxaeysaeath",NA
"159",-16.175,-33.065,"permanent",0.788565695285797,228.927093505859,0,"Fingers","confluence",0,1,20222.6144785154,483.388915472099,FALSE,27,1,TRUE,FALSE,6868,1583037.47615814,6517168.88942719,0.0032116686025154,120.615463797648,15,"Sasyupe",NA
"160",-3.18500000000002,-28.775,"permanent",0.378572076559067,98.7031784057617,0,"Fingers","confluence",0,1,8153.78058535793,341.152435718029,FALSE,10,1,TRUE,FALSE,2961,795123.998069763,6265141.74514008,6.37025177358426e-05,23.7984831817875,16,"Auknauyau",NA
"161",-1.80500000000002,-34.315,"permanent",0.371625274419785,96.7355117797852,0,"Fingers","confluence",0,1,14522.6657350851,121.28386452173,FALSE,18,1,TRUE,FALSE,2902,807783.032562256,9912919.65129089,0.00497311905424209,32.0379137407284,16,"Kaukkheithmonathath",NA
"162",-31.415,-31.905,"permanent",0.662206590175629,197.591125488281,0,"Fingers","score",1,0,12020.8491344195,3.36681623905582,TRUE,64,1,TRUE,FALSE,5928,460370.703681946,2404696.78231812,0.0129868199490805,58.7684549569924,17,"Sadealoi",NA
"163",-19.515,-40.895,"permanent",0.534365653991699,155.542755126953,0,"Fingers","score",1,0,21530.4914531666,2.91445490188456,TRUE,56,1,TRUE,FALSE,4666,919276.641113281,5889866.49897766,0.0831301930823313,34.7880225590171,16,"Thosaemonathath",NA
"164",0.045,-49.585,"permanent",0.472985833883286,140.462478637695,0,"Fingers","score",1,0,3676.05882160148,0.382378135200782,TRUE,37,1,TRUE,FALSE,4214,368018.013534546,735371.383022308,0,23.4121382134102,16,"Thomonauk",NA
"165",-24.465,-40.645,"permanent",0.47264763712883,142.18034362793,0,"Fingers","score",1,0,18966.542655348,2.78492434847253,TRUE,50,1,TRUE,FALSE,4265,600508.910415649,4755904.14819336,0.0893300406209721,32.9926483684224,16,"Monaumtheiath",NA
"166",-0.555000000000021,-36.955,"permanent",0.706591844558716,215.552459716797,0,"Fingers","score",1,0,14163.1788843084,7.69085027496469,TRUE,38,1,TRUE,FALSE,6467,845695.554946899,7114237.79101562,0.000739378944942723,29.4909710748987,16,"Maungaumkheithathath",NA
"167",-35.365,-48.645,"permanent",0.420665621757507,125.158729553223,0,"Fingers","score",1,0,4900.55494714382,0.368227506604487,TRUE,61,1,TRUE,FALSE,3755,179939.259109497,1177076.31744003,0,44.8775408531431,18,"Xorthauth",NA
"168",-18.585,-46.755,"permanent",0.464793145656586,141.265151977539,0,"Fingers","score",1,0,2208.96225350096,5.08153844696549,TRUE,46,1,TRUE,FALSE,4238,170228.816864014,441887.487976074,0,32.1664973433283,16,"Aumkaen",NA
"169",-5.73500000000003,-47.205,"permanent",0.528855383396149,155.789306640625,0,"Fingers","score",1,0,8690.50759368496,2.06632141684625,TRUE,42,1,TRUE,FALSE,4674,902965.608413696,2554775.2322998,0.00143012152316967,33.8241953720321,16,"Xaeyzonyeimath",NA
"170",-21.295,-35.995,"permanent",0.630089342594147,191.478561401367,0,"Fingers","score",1,0,10149.8647235846,0.434135527204782,TRUE,56,1,TRUE,FALSE,5744,642376.484283447,4318974.4274826,9.50229222892987e-05,39.6034136064734,15,"Tsumapa",NA
"171",-30.755,-30.995,"permanent",0.632840096950531,193.967788696289,0,"Fingers","score",1,0,9915.79706942624,9.32506474835966,TRUE,60,1,TRUE,FALSE,5819,586384.839027405,4046559.85112,0,46.8652420771776,17,"Aldeuxira",NA
"172",-30.185,-45.745,"permanent",0.453074783086777,137.873321533203,0,"Fingers","score",1,0,8214.92888881313,4.85732660696469,TRUE,56,1,TRUE,FALSE,4136,382439.137985229,1761333.5894928,0.00413747852694298,38.3157564596665,18,"Raelxorru",NA
"173",-1.66500000000002,-45.495,"permanent",0.479771226644516,147.748046875,0,"Fingers","score",1,0,6845.00180459525,3.87429908388666,TRUE,41,1,TRUE,FALSE,4432,629573.786605835,2423611.66374207,8.49366903144569e-06,35.6718860267497,16,"Zonmontho",NA
"174",-19.955,-37.015,"permanent",0.543556809425354,158.516204833984,0,"Fingers","score",1,0,19840.2007500574,0.567629296534695,TRUE,63,1,TRUE,FALSE,4755,1083009.32830811,6998474.44498444,0.0220350547877043,42.1722844110964,15,"Khepamais",NA
"175",-3.38500000000002,-46.425,"permanent",0.512101948261261,153.685684204102,0,"Fingers","score",1,0,7808.29828806337,2.04342026220189,TRUE,41,1,TRUE,FALSE,4611,996808.325531006,3270832.72663879,0,34.0732409769069,16,"Zonauktho",NA
"176",-13.905,-44.505,"permanent",0.557684779167175,159.987426757812,0,"Fingers","score",1,0,15379.1670521789,2.4658981800757,TRUE,55,1,TRUE,FALSE,4800,1052811.40945435,4456079.73509216,0.0127109526569966,45.6426137196551,16,"Zonmaungyaesano",NA
"177",-31.685,-32.955,"permanent",0.660841524600983,196.127517700195,0,"Fingers","score",1,0,18842.5737098826,0.442891242249998,TRUE,63,1,TRUE,FALSE,5884,578945.061912537,3769341.98896027,0.0920841128044184,57.276099375079,17,"Sagengeph",NA
"178",-8.905,-47.155,"permanent",0.494365632534027,147.709884643555,0,"Fingers","score",1,0,10763.4583197844,4.27594584310098,TRUE,46,1,TRUE,FALSE,4431,635278.984024048,2983161.14031982,0.00560688326938308,34.4538454313311,16,"Saeyautho",NA
"179",-31.275,-34.355,"permanent",0.650903105735779,195.440704345703,0,"Fingers","score",1,0,15462.8421112585,0.437921144005642,TRUE,63,1,TRUE,FALSE,5863,1006660.49138641,5023904.20279694,0.0041693297858109,52.3635066154187,17,"Dxuuxgeng",NA
"180",-22.575,-33.725,"permanent",0.701174259185791,209.512268066406,0,"Fingers","score",1,0,16590.4941337377,5.76702323696427,TRUE,52,1,TRUE,FALSE,6285,874039.405754089,7471396.80038452,0.00271107298397457,31.2030963709277,15,"Yumzupe",NA
"181",-0.235000000000028,-44.295,"permanent",0.520293772220612,155.18229675293,0,"Fingers","score",1,0,7649.93376054552,3.94613075647621,TRUE,42,1,TRUE,FALSE,4655,692213.362289429,3099568.90553284,2.76044243521985e-05,31.6778072853758,16,"Zonnauyau",NA
"182",-22.815,-36.895,"permanent",0.671930015087128,199.293670654297,0,"Fingers","score",1,0,12323.4416280675,0.432063938890149,TRUE,58,1,TRUE,FALSE,5979,662280.951965332,5870586.94061279,0.000324882840452797,38.7095201808052,15,"Tsupakhe",NA
"183",-10.265,-44.855,"permanent",0.545255959033966,158.729370117188,0,"Fingers","score",1,0,16776.2587633489,4.95332557720473,TRUE,49,1,TRUE,FALSE,4762,1001283.50888062,6497655.71731567,0.00786407581448977,44.9301573981556,16,"Yaumonauk",NA
"184",-13.165,-45.505,"permanent",0.471088618040085,144.685028076172,0,"Fingers","score",1,0,8220.75366058781,5.29723399026392,TRUE,49,1,TRUE,FALSE,4341,803528.41317749,1644510.40777588,0.00697436398344584,42.8431706143141,16,"Monzonsae",NA
"185",-17.215,-44.395,"permanent",0.574102997779846,160.697631835938,0,"Fingers","score",1,0,17172.1856422416,3.47791058716899,TRUE,57,1,TRUE,FALSE,4821,805850.856140137,4916133.63018799,0.0243796613432596,38.1736894515642,16,"Naumonsae",NA
"186",0.484999999999971,-38.525,"permanent",0.532757520675659,160.704284667969,0,"Fingers","score",1,0,7672.2607566192,2.14222026846794,TRUE,34,1,TRUE,FALSE,4821,674983.900360107,3225410.07254028,1.10771600285104e-05,26.8315500522867,16,"Aumthosae",NA
"187",-27.655,-38.495,"permanent",0.510328114032745,149.95964050293,0,"Fingers","score",1,0,21281.9534617608,1.27000514127977,TRUE,53,1,TRUE,FALSE,4499,1077545.19070435,5838847.75114441,0.0863360222873875,35.4105212380274,17,"Deuxaleth",NA
"188",-29.815,-34.665,"permanent",0.641192257404327,191.534683227539,0,"Fingers","score",1,0,15547.9028287543,0.574004272286314,TRUE,58,1,TRUE,FALSE,5746,683264.556045532,3110262.7816925,0.0896421829578778,54.0804770279875,17,"Dealsung",NA
"189",-11.215,-45.655,"permanent",0.458631902933121,142.169342041016,0,"Fingers","score",1,0,5978.6859734426,5.19037313513743,TRUE,49,1,TRUE,FALSE,4265,580317.808868408,1656883.19702148,1.59256294339607e-05,44.9120627278476,16,"Yeithnaub",NA
"190",-28.865,-34.195,"permanent",0.636765420436859,194.177062988281,0,"Fingers","score",1,0,17198.492461114,6.56800234722988,TRUE,56,1,TRUE,FALSE,5825,929637.68006134,5400765.58947754,0.00796918496875391,49.204060287314,17,"Sadxual",NA
"191",-32.915,-46.345,"permanent",0.427605390548706,132.648788452148,0,"Fingers","score",1,0,8814.54962764496,2.95908284639868,TRUE,57,1,TRUE,FALSE,3979,770891.126960754,2241424.41391754,0.0029695990351192,48.0954230065014,18,"Ruxauxbai",NA
"192",0.434999999999974,-45.705,"permanent",0.48890694975853,150.593963623047,0,"Fingers","score",1,0,6051.33747682,5.95309340228983,TRUE,41,1,TRUE,FALSE,4518,659267.070541382,1858728.28878784,0,30.8460851735177,16,"Monyeimkheithathano",NA
"193",-13.865,-27.455,"permanent",0.79880291223526,234.435363769531,0,"Fingers","score",0,1,12042.6461016873,231.721593301999,FALSE,16,1,TRUE,FALSE,7033,769569.551750183,6287885.84711456,4.24683451572284e-06,27.4374799469358,15,"Mausemzu",NA
"194",-33.785,-37.955,"permanent",0.540813803672791,153.916976928711,0,"Fingers","score",0,1,19086.4933573696,73.2011813001805,FALSE,34,1,TRUE,FALSE,4618,1187308.7355957,10001773.4896622,0.00521051204791575,47.7297331431595,18,"Bairumaen",NA
"195",-33.815,-26.035,"permanent",0.335374265909195,86.9607620239258,0,"Fingers","score",0,1,6688.43645907691,63.5599278054288,FALSE,10,1,TRUE,FALSE,2609,582554.668174744,4044935.05289459,0,36.6237981267217,19,"Fimyammam",NA
"196",-1.67500000000003,-39.505,"permanent",0.594727218151093,171.826553344727,0,"Fingers","score",0,1,13385.638687835,186.376712924459,FALSE,17,1,TRUE,FALSE,5155,1351957.50854492,10026977.9134064,7.64430212830112e-05,30.8254760683058,16,"Nauaumthoathath",NA
"197",-16.765,-34.135,"permanent",0.784612774848938,229.000869750977,0,"Fingers","score",0,1,20659.9808850075,388.812966317643,FALSE,27,1,TRUE,FALSE,6870,1445440.95362854,8064292.36732483,0.00211297712301027,105.453605432748,15,"Syuulkhi",NA
"198",-33.165,-45.275,"permanent",0.534433245658875,152.372482299805,0,"Fingers","score",0,1,15208.2361698509,44.5232580959494,TRUE,58,1,TRUE,FALSE,4571,1287749.17726135,8235394.6139679,0.00166847511036461,50.0973801752825,18,"Rugagung",NA
"199",-10.605,-36.995,"permanent",0.594911754131317,170.494049072266,0,"Fingers","score",0,1,16996.7748423182,766.811111353399,FALSE,30,1,TRUE,FALSE,5115,1344667.18089294,8331553.37817383,0.0023628325536853,55.6373827165415,16,"Monthoyau",NA
"200",-4.20500000000003,-39.405,"permanent",0.59599643945694,171.738479614258,0,"Fingers","score",0,1,17613.7186219448,402.57295999393,FALSE,24,1,TRUE,FALSE,5152,1331762.30487061,10778166.9012604,0.00228936231656329,32.2689607401255,16,"Zonaukyau",NA
"201",-7.40500000000002,-34.485,"permanent",0.597093284130096,172.067260742188,0,"Fingers","score",0,1,22914.7383346821,544.69501874272,FALSE,28,1,TRUE,FALSE,5162,1260981.34631348,10497382.9307098,0.0162789003408489,34.7617959579189,16,"Naubzonyeingath",NA
"202",-7.65500000000002,-31.625,"permanent",0.614713788032532,176.013641357422,0,"Fingers","score",0,1,14837.7314765675,716.044456205702,FALSE,28,1,TRUE,FALSE,5280,1196808.57003021,10695800.9187317,0.000317450880050283,33.0972220790481,15,"Auzupeis",NA
"203",-5.72500000000002,-41.825,"permanent",0.61192798614502,173.176498413086,0,"Fingers","score",0,1,16819.0424802535,324.677080787204,FALSE,25,1,TRUE,FALSE,5195,1378721.26130676,12178815.2300415,0.000870353343709766,32.1019266414982,16,"Thosaeyau",NA
"204",-15.685,-39.885,"permanent",0.578617990016937,165.303863525391,0,"Fingers","score",0,1,25990.3285731084,329.061780856422,FALSE,30,1,TRUE,FALSE,4959,1275390.48812866,11205435.9225922,0.0320285642089528,39.2108061734403,16,"Aumthoyau",NA
"205",-9.35500000000002,-41.485,"permanent",0.58291620016098,167.414215087891,0,"Fingers","score",0,1,19048.8217400388,357.316731895519,FALSE,23,1,TRUE,FALSE,5022,1337231.60050964,11873058.569458,0.0029281923985909,35.7282868055377,16,"Yauyaesxaeyathath",NA
"206",-31.045,-37.095,"permanent",0.546018779277802,155.671035766602,0,"Fingers","score",0,1,12142.1434535924,158.509547520016,FALSE,29,1,TRUE,FALSE,4670,1176103.63651276,5678840.7746582,0.000973055958414996,45.0320473812832,17,"Sunguxal",NA
"207",-13.515,-43.185,"permanent",0.593289315700531,167.405426025391,0,"Fingers","score",0,1,14146.5727286671,137.502826746391,FALSE,29,1,TRUE,FALSE,5022,1355836.80718994,9739467.04403687,0.000201724639496835,43.5289962960882,16,"Aukzonyau",NA
"208",-8.45500000000003,-26.355,"permanent",0.384660005569458,99.2202911376953,0,"Fingers","score",0,1,7179.70505088014,101.524692167273,FALSE,11,1,TRUE,FALSE,2977,751002.86025238,4829248.31569672,4.24683451572284e-06,23.6407031775661,15,"Sempasa",NA
"209",-11.915,-37.295,"permanent",0.350205332040787,91.8530578613281,0,"Fingers","score",0,1,15260.4972287178,655.354559069493,FALSE,31,1,TRUE,FALSE,2756,1156567.94341278,5685649.37718964,0.0277137803409783,53.2730928486021,16,"Yeimmaungaukanoano",NA
"210",-17.205,-27.305,"permanent",0.349599897861481,91.9318084716797,0,"Fingers","score",0,1,7458.27769537629,213.995944293215,FALSE,8,1,TRUE,FALSE,2758,711915.613677979,5812860.04892731,0,22.7124042853283,15,"Khezelyum",NA
"211",-14.665,-31.345,"permanent",0.772771298885345,227.595031738281,0,"Fingers","score",0,1,25480.9981883657,633.738436140208,FALSE,27,1,TRUE,FALSE,6828,1425828.71141052,9170837.92868805,0.00977302792930719,77.5669263698638,15,"Yumpeu",NA
"212",-30.795,-43.435,"permanent",0.564034402370453,158.347885131836,0,"Fingers","score",0,1,15461.9316359767,97.7753544625494,FALSE,32,1,TRUE,FALSE,4750,1300548.76246643,8589328.66685486,0.000914131129509342,67.8838184775192,18,"Ruxongga",NA
"213",-12.635,-39.205,"permanent",0.528200745582581,157.376037597656,0,"Fingers","score",0,0,15601.0941417659,580.518515226458,FALSE,29,1,TRUE,FALSE,4721,1275270.032547,10997987.5079956,0.000736294934163448,39.3099742256338,16,"Theixaeyyeithano",NA
"214",-29.535,-36.605,"permanent",0.479940086603165,144.577972412109,0,"Fingers","score",0,0,10981.7661292299,98.0954243791385,FALSE,21,1,TRUE,FALSE,4337,1134031.26116943,5448264.49176788,0.000715591615899299,38.9631468677842,17,"Daexdxuux",NA
"215",-35.215,-30.185,"permanent",0.307863503694534,81.8787002563477,0,"Fingers","score",0,0,10707.4336306409,72.9705108849105,FALSE,18,1,TRUE,FALSE,2456,574647.103736877,5641422.56334686,0.00392301338389898,44.6253980566283,17,"Aeghdeal",NA
"216",-30.605,-38.045,"permanent",0.462122023105621,140.86882019043,0,"Fingers","score",0,0,10858.0618302213,229.594245260353,FALSE,25,1,TRUE,FALSE,4226,1163168.5688324,6633696.05827332,0.000129528452729547,43.0125162584478,17,"Chmuuxeph",NA
"217",-1.45500000000003,-27.845,"permanent",0.305647790431976,88.771858215332,0,"Fingers","score",0,0,7351.04534588137,182.373179830011,FALSE,5,1,TRUE,FALSE,2663,678447.484848022,6014033.55929565,0,20.6987772255872,16,"Aummonauk",NA
"218",-31.715,-42.155,"permanent",0.545186936855316,154.769241333008,0,"Fingers","score",0,0,14736.4976534963,251.552516118744,FALSE,33,1,TRUE,FALSE,4643,1289081.11943054,9119898.91731262,0.000381153397786125,70.6781086853333,18,"Xonglaiga",NA
"219",-18.785,-33.925,"permanent",0.511663436889648,154.483108520508,0,"Fingers","score",0,0,13753.2689647421,244.892140267249,FALSE,19,1,TRUE,FALSE,4634,1134891.62109375,7711637.53083038,0.00139437733266233,33.7568535729432,15,"Sapatsu",NA
"220",-4.185,-44.955,"permanent",0.499610155820847,152.119506835938,0,"Fingers","score",0,0,10537.3195858281,14.8881188900784,TRUE,42,1,TRUE,FALSE,4564,1011446.4828186,6270056.3934021,7.00727695094269e-05,36.3389167889583,16,"Aukaummon",NA
"221",-13.765,-34.825,"permanent",0.4940425157547,152.0966796875,0,"Fingers","score",0,0,10513.1363251227,536.339705406613,FALSE,24,1,TRUE,FALSE,4563,1197077.48121643,6309749.93389893,2.70735700377331e-05,38.1181868102924,15,"Zutsumais",NA
"222",-5.46500000000002,-45.505,"permanent",0.536914885044098,158.392868041992,0,"Fingers","score",0,0,14522.9863517827,35.7674511174803,TRUE,43,1,TRUE,FALSE,4752,1301659.41746521,6065009.12985229,0.0042521430588675,36.4911961762126,16,"Aumzontho",NA
"223",-11.405,-31.605,"permanent",0.572550475597382,167.299942016602,0,"Fingers","score",0,0,17101.9063486034,718.320578290499,FALSE,22,1,TRUE,FALSE,5019,1043578.51442719,9970740.03147888,0.00224710631313185,36.9447180524421,15,"Autsukhe",NA
"224",-18.805,-42.875,"permanent",0.474348455667496,144.70751953125,0,"Fingers","score",0,0,11088.6270196227,17.1559172839608,TRUE,52,1,TRUE,FALSE,4341,973998.805603027,5102054.92489624,0.00137172754857848,32.3335820478968,16,"Monsaetho",NA
"225",-14.905,-33.645,"permanent",0.506512224674225,154.308700561523,0,"Fingers","score",0,0,11821.2850507481,531.000936387111,FALSE,25,1,TRUE,FALSE,4629,1218196.94723511,4792760.05599976,0.00138659146938351,48.9939066484664,15,"Utsusem",NA
"226",-9.70500000000003,-27.355,"permanent",0.298044800758362,86.5757293701172,0,"Fingers","score",0,0,6344.79924729986,218.723674526508,FALSE,14,1,TRUE,FALSE,2597,628474.446647644,3952571.6856842,0,27.6989299763652,15,"Syupelkhi",NA
"227",-9.68500000000002,-35.445,"permanent",0.569997787475586,166.695907592773,0,"Fingers","score",0,0,15121.1197713677,731.179935538297,FALSE,31,1,TRUE,FALSE,5001,1246001.90486145,8858849.16196442,0.00085149032040243,47.5455995043067,16,"Zonyaesmonanoano",NA
"228",-78.295,-59.245,"permanent",0.170438468456268,33.4992294311523,7,"Adirondaq","sacred",0,0,2753.8543939396,38.3634423893319,TRUE,14,1,TRUE,FALSE,1005,363474.302745819,1944751.0695858,0,12.408154070204,20,"Shuzaikhu",NA
"229",-63.885,-33.125,"permanent",0.465340375900269,125.604110717773,7,"Adirondaq","sacred",0,0,9270.23761450111,159.524965543055,FALSE,24,1,TRUE,FALSE,3768,958433.173431396,4769088.75621796,0.000129705404167702,54.3302250405678,21,"Omxuchi",NA
"230",-77.185,-13.375,"permanent",0.496132493019104,139.356811523438,7,"Adirondaq","sacred",0,0,9275.68819414448,133.305369199203,FALSE,13,1,TRUE,FALSE,4181,925234.659713745,5840216.35050964,0,28.0295497154673,22,"Xolemviz",NA
"231",-41.995,-17.765,"permanent",0.728069186210632,198.10075378418,7,"Adirondaq","sacred",0,0,22180.1477101169,171.064278683216,FALSE,32,1,TRUE,FALSE,5943,1314354.91459656,8740192.64678955,0.00477556541293034,102.604631015576,19,"Banvaitai",NA
"232",-53.965,-51.975,"permanent",0.151468753814697,33.4418334960938,7,"Adirondaq","sacred",0,0,3567.98866968862,1069.20216989379,FALSE,4,1,TRUE,FALSE,1003,353321.041641235,3122733.15830994,0,19.4544515621917,23,"Buwnushvi",NA
"233",-63.395,-35.185,"permanent",0.504702270030975,131.720458984375,7,"Adirondaq","sacred",0,0,20321.9333743363,254.02431421081,FALSE,26,1,TRUE,FALSE,3952,1034576.56080627,6516995.527771,0.0234483659242492,101.063765839892,21,"Soodauph",NA
"234",-84.705,-34.595,"permanent",0.422109812498093,113.436080932617,7,"Adirondaq","sacred",0,0,6599.58195924992,42.6625966554338,TRUE,37,1,TRUE,FALSE,3403,857815.614723206,3487589.03547668,0,22.7155550398812,20,"Vowuvaits",NA
"235",-43.695,-33.485,"permanent",0.502258718013763,137.205459594727,7,"Adirondaq","sacred",0,0,11196.1016044527,652.35930085537,FALSE,20,1,TRUE,FALSE,4116,1029308.98394775,7559211.69398117,0.000167820743946315,36.5982049714134,17,"Uxsachmu",NA
"236",-71.835,-62.035,"permanent",0.168101415038109,33.6861000061035,8,"Adirondaq","sacred",0,0,3668.46617288729,30.3079408789788,TRUE,16,1,TRUE,FALSE,1011,420219.732568741,2663495.22395325,0.000794633755059609,13.3481327271463,20,"Uvvauvow",NA
"237",-83.695,-39.325,"permanent",0.448963433504105,119.691101074219,8,"Adirondaq","sacred",0,0,9242.41032852228,90.3432849361003,FALSE,14,1,TRUE,FALSE,3591,973136.839141846,4882171.5743866,0.000726456434202023,29.0005947720418,20,"Khuorzai",NA
"238",-41.395,-19.425,"permanent",0.838137209415436,214.306274414062,8,"Adirondaq","sacred",0,1,21233.144768813,223.397082594517,FALSE,33,1,TRUE,FALSE,6429,1356079.47267151,7694502.42642975,0.00379560834842729,108.391727200893,19,"Saefaefa",NA
"239",-78.965,-17.935,"permanent",0.243050634860992,60.1752090454102,8,"Adirondaq","sacred",0,0,4742.63373129542,171.492924910511,FALSE,13,1,TRUE,FALSE,1805,457039.810913086,2772929.70511627,7.89203414171828e-05,27.0416552989872,22,"Phaedaiz",NA
"240",-36.715,-33.875,"permanent",0.838282644748688,217.378524780273,0,"Adirondaq","confluence",0,1,31188.0756857384,69.5827048104019,FALSE,48,1,TRUE,FALSE,6521,1290608.88503265,6730443.73492432,0.150573711952786,61.6473529135556,17,"Chesalsa",NA
"241",-40.695,-30.405,"permanent",0.824176728725433,214.447769165039,0,"Adirondaq","confluence",0,1,18485.8049307888,353.629203667855,FALSE,51,1,TRUE,FALSE,6433,740959.251777649,6873957.74050903,0.00435672135881717,51.6434659290605,17,"Aeghuxdxu",NA
"242",-83.675,-37.975,"permanent",0.5475954413414,134.248107910156,0,"Adirondaq","confluence",0,1,9110.77682898127,35.7105980916329,TRUE,34,1,TRUE,FALSE,4027,955464.130027771,3226510.32772064,0.0018520091420191,31.1770075420718,20,"Woorshu",NA
"243",-63.235,-61.505,"permanent",0.209776520729065,36.9661140441895,0,"Adirondaq","confluence",0,1,5357.2005392829,317.51980062887,FALSE,1,1,TRUE,FALSE,1109,451379.6590271,3980028.34224129,0.00270025596554082,16.9067791738863,20,"Vuzaemar",NA
"244",-78.405,-52.195,"permanent",0.203675553202629,35.2916641235352,0,"Adirondaq","confluence",0,1,3603.17501039842,209.596550380959,FALSE,9,1,TRUE,FALSE,1059,345445.637111664,2982191.59372711,0,20.0728254185308,20,"Oruvyu",NA
"245",-80.665,-30.225,"permanent",0.517678439617157,127.812553405762,0,"Adirondaq","confluence",0,1,13676.8023584864,129.345371752322,FALSE,16,1,TRUE,FALSE,3834,896928.206245422,6842620.78539276,0.00531385168779821,26.4153917412227,24,"Xeraetsae",NA
"246",-47.715,-50.435,"permanent",0.206313416361809,37.6158790588379,0,"Adirondaq","confluence",0,1,4682.67453310525,680.250706598069,FALSE,14,1,TRUE,FALSE,1128,346674.63674736,2651465.59153557,0.00144781666698518,33.7305870972654,23,"Vithaiw",NA
"247",-56.845,-36.345,"permanent",0.575277090072632,145.365325927734,0,"Adirondaq","confluence",0,1,14778.9494989755,889.8177194074,FALSE,25,1,TRUE,FALSE,4361,1058229.09623718,7912339.17592621,0.00272859117635193,35.7615623915449,21,"Utupithus",NA
"248",-40.045,-22.055,"permanent",0.814684331417084,214.212158203125,0,"Adirondaq","confluence",0,1,24414.8371553035,261.927270759156,FALSE,33,1,TRUE,FALSE,6426,1148820.64910889,6099694.1882019,0.0215303892860859,109.155785792427,19,"Yambansae",NA
"249",-77.605,-11.205,"permanent",0.569801568984985,146.848236083984,0,"Adirondaq","score",1,0,12747.2646448727,0.488902943897319,TRUE,36,1,TRUE,FALSE,4405,495890.895050049,3238213.80569458,0.0178186559193441,29.1110762179047,22,"Lemxophi",NA
"250",-47.025,-13.615,"permanent",0.647161483764648,176.443756103516,0,"Adirondaq","score",1,0,3829.06561213602,0.824372172432574,TRUE,30,1,TRUE,FALSE,5293,437889.463027954,765979.476470947,0.0392853426876942,64.7138012099533,19,"Taisaevay",NA
"251",-68.405,-9.70500000000001,"permanent",0.52093917131424,145.810516357422,0,"Adirondaq","score",1,0,8930.61388321547,6.25431564899951,TRUE,45,1,TRUE,FALSE,4374,589304.737548828,4126338.16440582,2.60118614088024e-05,48.9561093747933,25,"Maibhinak",NA
"252",-42.685,-15.115,"permanent",0.734071969985962,198.651229858398,0,"Adirondaq","score",1,0,12702.6622730301,1.46394765869757,TRUE,32,1,TRUE,FALSE,5960,911614.059707642,4352888.02990723,0.00111674052619695,57.4741811234846,19,"Fayamfae",NA
"253",-45.475,-15.265,"permanent",0.704378426074982,192.30729675293,0,"Adirondaq","score",1,0,12567.3293724885,0.6097907411817,TRUE,31,1,TRUE,FALSE,5769,1037257.99932861,3791485.62684631,0.0016543189953122,65.2591482164199,19,"Mamsaetai",NA
"254",-40.725,-16.115,"permanent",0.668077349662781,187.382843017578,0,"Adirondaq","score",1,0,8638.84616732005,5.60827088521091,TRUE,30,1,TRUE,FALSE,5621,891291.598739624,2934438.4961853,1.06170862893071e-06,50.3439321503373,19,"Fimyamvai",NA
"255",-46.005,-14.465,"permanent",0.662277042865753,183.069305419922,0,"Adirondaq","score",1,0,8148.86190915385,3.05332470968761,TRUE,31,1,TRUE,FALSE,5492,722479.037109375,1630128.89282227,0.00606235627119436,57.7343376911723,19,"Vaifabaef",NA
"256",-35.555,-33.955,"permanent",0.748068571090698,201.718688964844,0,"Adirondaq","score",1,0,15740.2155123229,4.03111738838581,TRUE,58,1,TRUE,FALSE,6052,710313.309043884,3148733.78398895,0.1150382533619,57.9344887951414,17,"Daexephux",NA
"257",-83.575,-36.615,"permanent",0.46890664100647,121.562446594238,0,"Adirondaq","score",1,0,7714.08474814279,2.7624134710995,TRUE,35,1,TRUE,FALSE,3647,693844.122444153,4431071.97342682,2.12341725786142e-06,26.8038176649607,20,"Vulaizai",NA
"258",-82.225,-41.655,"permanent",0.443030744791031,118.717613220215,0,"Adirondaq","score",1,0,10927.216749346,3.91915871385011,TRUE,32,1,TRUE,FALSE,3562,588839.961229324,4234185.35472488,0.00521405107667872,29.3513568092485,20,"Zukhotsvu",NA
"259",-40.025,-17.475,"permanent",0.691983103752136,191.390182495117,0,"Adirondaq","score",1,0,9842.87577642172,0.607159159310628,TRUE,33,1,TRUE,FALSE,5742,926104.425842285,2777780.31963348,0.000740541768679171,52.636004051193,19,"Vayvaifae",NA
"260",-79.915,-15.985,"permanent",0.639026701450348,156.952255249023,0,"Adirondaq","score",1,0,11226.5537919484,0.479512920374489,TRUE,44,1,TRUE,FALSE,4709,501432.507110596,2582844.58176422,0.00961168866375263,34.3010904720918,22,"Zaiphilo",NA
"261",-41.225,-15.285,"permanent",0.638597071170807,180.085876464844,0,"Adirondaq","score",1,0,5172.80004416758,3.41412087761907,TRUE,29,1,TRUE,FALSE,5403,359668.796325684,1034785.51391602,0.000611013315949624,50.1728579258156,19,"Banvai",NA
"262",-80.975,-28.015,"permanent",0.411709606647491,110.550941467285,0,"Adirondaq","score",1,0,5013.77051135679,3.45635658989235,TRUE,43,1,TRUE,FALSE,3317,445186.897598267,1713664.12838364,0,27.4440553437651,24,"Durefu",NA
"263",-83.475,-41.155,"permanent",0.438201248645782,117.477737426758,0,"Adirondaq","score",1,0,6606.34108056158,3.88657713387616,TRUE,33,1,TRUE,FALSE,3524,567582.454742432,2447629.22782707,0.000435300537861591,29.1130661320595,20,"Uvshuzai",NA
"264",-70.785,-8.13500000000001,"permanent",0.572313785552979,151.697067260742,0,"Adirondaq","score",1,0,7071.77930520146,2.48043289775568,TRUE,38,1,TRUE,FALSE,4551,568793.883560181,2451659.00714111,0,40.4971537987573,25,"Begaime",NA
"265",-34.675,-25.405,"permanent",0.297333270311356,78.3059539794922,0,"Adirondaq","score",1,0,4811.27503050943,1.60944993033237,TRUE,46,1,TRUE,FALSE,2349,425976.493484497,1194141.56572723,0.00153834502274534,37.3467807273427,19,"Gaingbain",NA
"266",-67.255,-9.26500000000001,"permanent",0.536165237426758,147.742752075195,0,"Adirondaq","score",1,0,17164.0401000526,0.82904029236733,TRUE,49,1,TRUE,FALSE,4432,549309.996902466,4526598.84944916,0.0291887767488641,52.1122604573809,25,"Xhakaunak",NA
"267",-72.075,-7.465,"permanent",0.546108484268188,144.118347167969,0,"Adirondaq","score",1,0,12954.5793064961,1.84864872960758,TRUE,33,1,TRUE,FALSE,4324,474190.250045776,2919955.71450806,0.0244384092207271,33.688991577023,25,"Phamxhabe",NA
"268",-34.785,-39.355,"permanent",0.621177732944489,158.611206054688,0,"Adirondaq","score",1,0,10149.4501939089,6.23783037434189,TRUE,49,1,TRUE,FALSE,4758,680754.194843292,3395569.19340897,0.00121583333156382,46.8751691937139,18,"Gabailaex",NA
"269",-80.275,-17.005,"permanent",0.521598219871521,142.836776733398,0,"Adirondaq","score",1,0,7139.39465541978,5.87915201572492,TRUE,41,1,TRUE,FALSE,4285,560988.665771484,2099061.1752739,0.000687208605219218,32.6951305252034,22,"Xolozai",NA
"270",-34.575,-31.265,"permanent",0.274143785238266,74.4555892944336,0,"Adirondaq","score",1,0,4491.93906142257,2.23857581799329,TRUE,53,1,TRUE,FALSE,2234,183580.084060669,1108915.44602966,0.000969643323536283,46.5390786535262,17,"Alchesde",NA
"271",-35.825,-30.765,"permanent",0.279660105705261,74.8369598388672,0,"Adirondaq","score",1,0,5782.45533167182,2.91789764343018,TRUE,39,1,TRUE,FALSE,2245,432803.010131836,1666268.51369476,0.00212318974886952,46.6231859707182,17,"Sasungal",NA
"272",-84.225,-47.315,"permanent",0.476972103118896,124.506149291992,0,"Adirondaq","score",1,0,7255.71265289803,2.21271767763022,TRUE,28,1,TRUE,FALSE,3735,629679.553081512,3869741.75082397,0,24.3009061674712,20,"Zushuvu",NA
"273",-83.125,-44.785,"permanent",0.442652851343155,118.368316650391,0,"Adirondaq","score",1,0,8783.93870636739,2.52642313363252,TRUE,34,1,TRUE,FALSE,3551,582476.079183578,2981234.53943634,0.00310974457413805,28.7601484206322,20,"Shulaizu",NA
"274",-39.415,-18.285,"permanent",0.733139932155609,197.902725219727,0,"Adirondaq","score",1,0,7987.76636364686,2.87126110100187,TRUE,35,1,TRUE,FALSE,5937,758632.969543457,2236412.03669739,4.24683451572284e-06,52.9492769965544,19,"Baeffavai",NA
"275",-78.325,-22.655,"permanent",0.273844689130783,63.1797866821289,0,"Adirondaq","score",1,0,5844.22198743842,1.37706449466362,TRUE,45,1,TRUE,FALSE,1895,254203.018314362,1498504.96589661,0.0106563695085775,25.7706617215423,22,"Xovizphae",NA
"276",-78.555,-13.365,"permanent",0.529003500938416,141.641616821289,0,"Adirondaq","score",1,0,6107.21598808298,2.43102519674163,TRUE,39,1,TRUE,FALSE,4249,509852.850769043,1385951.50733948,0.000718882912648984,35.2292741705438,22,"Phileilo",NA
"277",-79.675,-25.405,"permanent",0.419972270727158,112.177169799805,0,"Adirondaq","score",1,0,7047.00682085721,6.33814390068452,TRUE,43,1,TRUE,FALSE,3365,408695.267932892,3022222.93145561,0.000651889098163456,23.2507685937009,22,"Zaiphilei",NA
"278",-84.855,-49.085,"permanent",0.461538940668106,122.512367248535,0,"Adirondaq","score",1,0,5422.84817663331,2.70775318907463,TRUE,25,1,TRUE,FALSE,3675,499940.933336258,1987705.86064529,0,22.7515952073384,20,"Shuzu",NA
"279",-77.535,-21.105,"permanent",0.28594046831131,64.3661041259766,0,"Adirondaq","score",1,0,6237.94996767656,3.08232687599924,TRUE,45,1,TRUE,FALSE,1931,415180.633483887,3323714.60904312,0.00150019429267909,23.8417868591475,22,"Lemzaiphi",NA
"280",-34.965,-43.545,"permanent",0.54625928401947,145.873046875,0,"Adirondaq","score",1,0,8367.92072845064,2.77252888100092,TRUE,66,1,TRUE,FALSE,4376,696158.566055298,2767150.53700638,0.000327006257710659,60.7511548778505,18,"Vbaegaru",NA
"281",-44.575,-15.735,"permanent",0.651563465595245,181.698272705078,0,"Adirondaq","score",1,0,21017.847949034,5.48410219564545,TRUE,32,1,TRUE,FALSE,5451,790291.523574829,4929275.15653992,0.0352398789085919,72.8912479900684,19,"Fabainfae",NA
"282",-74.125,-6.95500000000001,"permanent",0.499131470918655,137.849563598633,0,"Adirondaq","score",1,0,12916.4207696732,6.84963056926877,TRUE,35,1,TRUE,FALSE,4135,542002.379333496,3320889.03649902,0.022684997420048,28.3230018968207,25,"Vauhixha",NA
"283",-81.075,-18.565,"permanent",0.54676342010498,145.612686157227,0,"Adirondaq","score",1,0,7399.37464331411,1.81803563908932,TRUE,42,1,TRUE,FALSE,4368,504223.929847717,1938115.40520096,0.0014783281506785,29.0991202962544,22,"Lemvethlo",NA
"284",-76.415,-8.95500000000001,"permanent",0.500435709953308,136.834136962891,0,"Adirondaq","score",1,0,8918.42849849793,0.493992422380681,TRUE,35,1,TRUE,FALSE,4105,546926.794815063,4139587.16696167,0.000722492721987349,24.411040811826,22,"Xovaivlo",NA
"285",-69.885,-8.61500000000001,"permanent",0.647970139980316,164.079376220703,0,"Adirondaq","score",1,0,8868.280962848,0.82838132397466,TRUE,40,1,TRUE,FALSE,4922,609902.502441406,3072742.55125427,0.000377968271899333,44.3230102698385,25,"Xhanakme",NA
"286",-43.965,-14.665,"permanent",0.655312359333038,179.29411315918,0,"Adirondaq","score",1,0,7293.42787898872,0.488531986413629,TRUE,32,1,TRUE,FALSE,5379,507891.840621948,1459004.43067932,0.00477556541293034,66.7150483484573,19,"Fataivay",NA
"287",-82.425,-43.265,"permanent",0.447639107704163,118.589324951172,0,"Adirondaq","score",1,0,8624.99606531049,0.548407359163277,TRUE,33,1,TRUE,FALSE,3558,550473.877437592,3666919.89144516,0.00140994905921998,26.879300573878,20,"Khuvuyuts",NA
"288",-78.075,-12.385,"permanent",0.575140237808228,149.482070922852,0,"Adirondaq","score",1,0,7649.19029868879,4.1591638317605,TRUE,38,1,TRUE,FALSE,4484,558289.774040222,1530172.57524109,0.00785363567963852,35.4727741307658,22,"Vethloxo",NA
"289",-49.685,-13.415,"permanent",0.663847982883453,181.331634521484,0,"Adirondaq","score",1,0,13005.3123855578,7.90063942207356,TRUE,34,1,TRUE,FALSE,5440,759853.38609314,5805556.74328613,0.000951290931521917,43.1673265752836,19,"Banvayyam",NA
"290",-38.235,-18.765,"permanent",0.677802622318268,185.412414550781,0,"Adirondaq","score",1,0,6880.7355096039,1.8163873207937,TRUE,39,1,TRUE,FALSE,5562,533407.618026733,1376447.79013062,0.00145861070471264,59.8751450297563,19,"Vaivaysae",NA
"291",-84.135,-32.965,"permanent",0.413428097963333,109.856575012207,0,"Adirondaq","score",1,0,7680.06169567374,0.408378695302512,TRUE,42,1,TRUE,FALSE,3296,367491.061706543,2664429.14017487,0.00265798755252803,22.6259583190606,20,"Zaemvuvau",NA
"292",-47.375,-14.655,"permanent",0.725273549556732,195.171813964844,0,"Adirondaq","score",1,0,16808.8509893037,0.82610168032551,TRUE,32,1,TRUE,FALSE,5855,1081064.42927551,5279284.53285217,0.00611650341126983,56.7498866678418,19,"Thaybanfa",NA
"293",-37.595,-19.495,"permanent",0.718778133392334,193.070846557617,0,"Adirondaq","score",1,0,7374.75196935613,0.480031773276618,TRUE,39,1,TRUE,FALSE,5792,605406.894561768,1858998.89896393,1.02631834129969e-05,54.5075004399823,19,"Mamtaifim",NA
"294",-82.675,-49.815,"permanent",0.504200339317322,130.33659362793,0,"Adirondaq","score",1,0,8354.3339749117,7.15721753049609,TRUE,26,1,TRUE,FALSE,3910,780794.762874603,4125491.36457062,0.000454057390306034,23.5959331091736,20,"Zuwaetsvu",NA
"295",-81.705,-19.905,"permanent",0.54842609167099,145.936767578125,0,"Adirondaq","score",1,0,7096.52722541277,0.466998254886457,TRUE,42,1,TRUE,FALSE,4378,419827.586303711,1814901.82141876,0.00151824333937092,25.5101830337292,22,"Daizlozai",NA
"296",-34.775,-40.305,"permanent",0.529102146625519,143.301940917969,0,"Adirondaq","score",1,0,8297.92100216894,2.88104649541955,TRUE,55,1,TRUE,FALSE,4299,639053.06149292,3683360.69583893,0,45.5646365270015,18,"Xongbaiga",NA
"297",-35.375,-27.015,"permanent",0.29096657037735,77.060661315918,0,"Adirondaq","score",1,0,7059.7479407046,3.95911968901856,TRUE,47,1,TRUE,FALSE,2312,354115.807754517,2568575.47164154,0.00246895033114692,44.1990292623357,19,"Taifatham",NA
"298",-83.535,-45.915,"permanent",0.450310379266739,120.352043151855,0,"Adirondaq","score",1,0,8113.01918030966,4.90618178357385,TRUE,33,1,TRUE,FALSE,3611,636787.008834839,3230521.04148102,0.00113178139844014,28.4663298850032,20,"Yutsvowuv",NA
"299",-35.735,-22.955,"permanent",0.31684872508049,79.7606430053711,0,"Adirondaq","score",1,0,4327.52439916449,2.36112170656327,TRUE,42,1,TRUE,FALSE,2393,272245.927986145,1536285.01879883,2.3923834438572e-05,35.0042757379441,19,"Banvayfae",NA
"300",-34.995,-45.045,"permanent",0.639968872070312,180.834701538086,0,"Adirondaq","score",1,0,10206.3433385931,0.388051938222595,TRUE,64,1,TRUE,FALSE,5425,654106.247055054,3030692.79833984,0.000809552829559667,59.3355622562296,18,"Gabaithav",NA
"301",-34.635,-36.415,"permanent",0.485617697238922,136.232818603516,0,"Adirondaq","score",1,0,12374.0287195178,2.14119135945348,TRUE,49,1,TRUE,FALSE,4087,609684.551811218,3511243.0127182,0.00900010404744564,46.1216602090081,18,"Xorruxong",NA
"302",-79.125,-14.565,"permanent",0.505469858646393,138.821029663086,0,"Adirondaq","score",1,0,7033.33459118833,4.18640202356987,TRUE,39,1,TRUE,FALSE,4165,532745.920051575,2878692.83172607,0,32.6144499244499,22,"Zailoveth",NA
"303",-47.985,-13.905,"permanent",0.655910670757294,181.865325927734,0,"Adirondaq","score",1,0,7971.55437993541,3.7339851247873,TRUE,30,1,TRUE,FALSE,5456,704860.014221191,2301423.02430725,0,62.8407805085463,19,"Fabanyam",NA
"304",-36.875,-21.305,"permanent",0.678812921047211,189.952651977539,0,"Adirondaq","score",1,0,11714.6517196039,3.33195405922378,TRUE,40,1,TRUE,FALSE,5699,557888.641479492,3467923.53317261,0.00262295116777332,37.0123949624249,19,"Faetaifim",NA
"305",-36.785,-47.835,"permanent",0.491828739643097,135.076202392578,0,"Adirondaq","score",1,0,10421.7169567803,6.02641704802612,TRUE,64,1,TRUE,FALSE,4052,738591.793190002,6142290.93390846,1.69873380628914e-05,56.834268865556,18,"Thavlaiga",NA
"306",-85.625,-35.555,"permanent",0.478184163570404,119.990097045898,0,"Adirondaq","score",1,0,4919.16913095461,3.42819752522192,TRUE,36,1,TRUE,FALSE,3600,426958.075126648,1205405.03559875,0.000461029276969345,24.9549081337724,20,"Yuor",NA
"307",-51.575,-11.605,"permanent",0.620633661746979,169.590835571289,0,"Adirondaq","score",1,0,17504.3927965357,0.4926458722441,TRUE,29,1,TRUE,FALSE,5088,425422.916183472,4112800.58094025,0.0434918322755176,34.7329158621755,19,"Banmamvai",NA
"308",-78.975,-23.935,"permanent",0.250987112522125,61.0771217346191,0,"Adirondaq","score",1,0,3463.89730332502,3.41707434578638,TRUE,46,1,TRUE,FALSE,1832,276394.631973267,1368385.2885437,0,25.0394315097068,22,"Xozokhlo",NA
"309",-36.785,-30.335,"permanent",0.487514227628708,136.581741333008,0,"Adirondaq","score",1,0,13749.1242410872,0.584523391134106,TRUE,48,1,TRUE,FALSE,4097,534501.516181946,4475919.71838379,0.0090848107008902,46.7205700683935,17,"Dxusaal",NA
"310",-35.675,-24.555,"permanent",0.296934276819229,77.8471603393555,0,"Adirondaq","score",1,0,5197.48945149339,6.57866273507592,TRUE,44,1,TRUE,FALSE,2335,469478.617530823,2427090.77054596,2.12341725786142e-06,38.7655103804895,19,"Yamtaiwfa",NA
"311",-40.135,-23.825,"permanent",0.785860240459442,208.180130004883,0,"Adirondaq","score",0,1,22060.2887738094,315.372364704791,FALSE,33,1,TRUE,FALSE,6245,1191653.22409821,7857561.08255005,0.00578100348452772,98.534511968971,19,"Fabantham",NA
"312",-50.545,-32.375,"permanent",0.612231135368347,152.460662841797,0,"Adirondaq","score",0,1,17910.1526590778,1216.94701326421,FALSE,11,1,TRUE,FALSE,4574,1058230.48222351,6450940.9548645,0.0169384994659606,38.6787126931168,17,"Alchaesa",NA
"313",-64.675,-34.685,"permanent",0.525136232376099,134.971374511719,0,"Adirondaq","score",0,1,18673.7514519979,107.417418116399,FALSE,28,1,TRUE,FALSE,4049,996908.931388855,5733617.97563553,0.0186207767885013,95.9730995185375,21,"Mxusokhos",NA
"314",-57.375,-19.915,"permanent",0.683556079864502,180.760528564453,0,"Adirondaq","score",0,1,10865.5584908273,139.992427959145,FALSE,20,1,TRUE,FALSE,5423,1015435.55309677,4472716.34618378,0,81.1767205693681,26,"Chodoreus",NA
"315",-44.785,-44.875,"permanent",0.60165536403656,152.548843383789,0,"Adirondaq","score",0,1,18004.6548919904,770.368049734004,FALSE,27,1,TRUE,FALSE,4576,1307488.6192627,8142486.13665771,0.00669035692520687,48.8626287621224,23,"Ekdadvud",NA
"316",-51.245,-47.915,"permanent",0.571036279201508,146.577621459961,0,"Adirondaq","score",0,1,13963.1125302995,1077.8288421534,FALSE,21,1,TRUE,FALSE,4397,846149.674686432,5480923.79173851,0.0052030800875131,39.4461038454208,23,"Keixuvaru",NA
"317",-55.435,-35.345,"permanent",0.599230885505676,149.394515991211,0,"Adirondaq","score",0,1,15964.8438673884,952.093012941426,FALSE,23,1,TRUE,FALSE,4482,1099398.78453827,7603359.8234024,0.00546160613865773,33.8413587453155,21,"Okhosuus",NA
"318",-60.345,-34.615,"permanent",0.581737756729126,145.336944580078,0,"Adirondaq","score",0,1,18653.7795438586,482.80359208641,FALSE,26,1,TRUE,FALSE,4360,1067288.5160141,8304434.54318237,0.00610163949046479,74.0666382568725,21,"Uchikhau",NA
"319",-51.935,-19.455,"permanent",0.720603108406067,191.263305664062,0,"Adirondaq","score",0,1,21134.0043772246,386.44466905172,FALSE,14,1,TRUE,FALSE,5738,623868.155296326,4329970.44514465,0.0844967890392032,39.2952330963976,26,"Uyaehra",NA
"320",-52.165,-20.795,"permanent",0.752067029476166,196.974304199219,0,"Adirondaq","score",0,1,19760.0053625257,496.331543943227,FALSE,13,1,TRUE,FALSE,5909,660271.418823242,3952868.70472717,0.165642117839749,39.257558487137,26,"Dorahra",NA
"321",-48.945,-28.475,"permanent",0.348734885454178,80.2664108276367,0,"Adirondaq","score",0,1,13235.0240870441,1182.27066981223,FALSE,19,1,TRUE,FALSE,2408,544355.8227005,5110189.51875305,0.0313395153087767,36.4995446149952,17,"Deephdaex",NA
"322",-49.365,-45.165,"permanent",0.563564002513885,145.644775390625,0,"Adirondaq","score",0,1,15562.6902503512,1099.44977750761,FALSE,23,1,TRUE,FALSE,4369,1251300.66933823,10290676.0118999,0.00127458120903132,41.6231022866648,23,"Keubshe",NA
"323",-37.275,-42.325,"permanent",0.634832262992859,159.706527709961,0,"Adirondaq","score",0,1,26652.3426296664,195.771573772381,FALSE,39,1,TRUE,FALSE,4791,1269211.50112915,10489788.4775696,0.0254385387491798,80.0945017762734,18,"Xauxgalai",NA
"324",-37.525,-35.755,"permanent",0.639340877532959,161.186004638672,0,"Adirondaq","score",0,1,22410.2652704445,242.428041346432,FALSE,41,1,TRUE,FALSE,4836,1178291.80278015,7393052.70929718,0.0331651232962231,52.5822300335489,18,"Baithavga",NA
"325",-49.585,-32.155,"permanent",0.611234843730927,152.767333984375,0,"Adirondaq","score",0,1,11545.0647038295,1133.73488165575,FALSE,13,1,TRUE,FALSE,4583,1061806.56241608,5040208.5087204,0.0012549395993961,39.9867544968996,17,"Alephgeng",NA
"326",-59.115,-32.955,"permanent",0.583745181560516,145.944427490234,0,"Adirondaq","score",0,1,17332.8099261017,551.276207343451,FALSE,25,1,TRUE,FALSE,4378,1041065.9163208,7199085.42843628,0.00671017548628025,62.1076907943053,21,"Sopuchung",NA
"327",-57.135,-33.665,"permanent",0.548478603363037,140.989959716797,0,"Adirondaq","score",0,1,14333.264017349,735.505075728083,FALSE,23,1,TRUE,FALSE,4230,1046811.62631989,7592483.17870331,0.002535891060201,38.3333937746697,21,"Sumxixuus",NA
"328",-41.535,-42.775,"permanent",0.588543295860291,150.971817016602,0,"Adirondaq","score",0,1,18492.8784464267,535.79880604366,FALSE,35,1,TRUE,FALSE,4529,1221280.93306732,10777511.9632416,0.00327020413825711,49.1344929557597,18,"Ruthavlai",NA
"329",-43.385,-40.105,"permanent",0.575432658195496,148.527893066406,0,"Adirondaq","score",0,1,15115.0049206143,716.229349278401,FALSE,35,1,TRUE,FALSE,4456,1161197.28778076,8101249.43466949,0.00237691788816244,40.9204496123198,18,"Xorxauxru",NA
"330",-46.535,-57.545,"permanent",0.200635835528374,37.3053398132324,0,"Adirondaq","score",0,1,3887.36642374806,87.5897169174822,FALSE,2,1,TRUE,FALSE,1119,418052.435939789,3566274.79232025,0,17.1208859092816,23,"Ixekdad",NA
"331",-72.175,-22.445,"permanent",0.6301429271698,165.799743652344,0,"Adirondaq","score",0,1,17947.8100880672,150.69754669126,FALSE,26,1,TRUE,FALSE,4974,640605.365825653,4716763.57172394,0.0369009978948856,35.1318595377178,24,"Daixaexe",NA
"332",-58.525,-19.715,"permanent",0.672146022319794,177.909896850586,0,"Adirondaq","score",0,1,18973.1065994873,54.7358190504572,FALSE,22,1,TRUE,FALSE,5337,1090063.37306595,5199750.08908844,0.0138335325806527,82.6113258174392,26,"Ahrakhong",NA
"333",-67.855,-41.515,"permanent",0.547899186611176,138.785507202148,0,"Adirondaq","score",0,1,18493.8665012874,389.779957934853,FALSE,23,1,TRUE,FALSE,4164,1108135.78734589,8051282.68647003,0.0108608242559773,50.9446456071967,20,"Zaivowor",NA
"334",-73.935,-32.565,"permanent",0.539407551288605,134.223129272461,0,"Adirondaq","score",0,1,19419.2828876855,284.260651279447,FALSE,29,1,TRUE,FALSE,4027,952084.514671326,8250230.67697906,0.0250913600275195,32.2371766365598,24,"Raeghaexe",NA
"335",-70.225,-40.215,"permanent",0.547822833061218,138.091537475586,0,"Adirondaq","score",0,1,15897.3165006362,96.5997470760163,FALSE,27,1,TRUE,FALSE,4143,1091383.62273407,7760119.94906235,0.0034857411014408,58.9884493717272,20,"Yushuwoar",NA
"336",-62.555,-29.605,"permanent",0.526996254920959,135.065444946289,0,"Adirondaq","score",0,1,19116.5056196899,188.919707312687,FALSE,23,1,TRUE,FALSE,4052,788666.760978699,5821875.74633408,0.0548282261609253,36.8590046676494,21,"Ukhaumxu",NA
"337",-46.115,-43.065,"permanent",0.59257984161377,150.863723754883,0,"Adirondaq","score",0,1,20731.8514222292,901.969643302628,FALSE,26,1,TRUE,FALSE,4526,1230292.62321472,10007518.4098587,0.0111741294166194,43.4361005625943,23,"Vikeek",NA
"338",-35.745,-44.435,"permanent",0.586628675460815,151.876525878906,0,"Adirondaq","score",0,1,15610.6065125634,60.6552094071931,FALSE,37,1,TRUE,FALSE,4556,1228119.26712036,5036252.00799561,0.00619482211779732,82.622738963508,18,"Vraigaru",NA
"339",-79.985,-49.065,"permanent",0.545881867408752,137.624038696289,0,"Adirondaq","score",0,1,13780.8523948202,132.353905117966,FALSE,12,1,TRUE,FALSE,4129,1213080.34248543,7131249.93639183,0.00430859056763898,23.7980047798764,20,"Zailaivow",NA
"340",-72.035,-21.375,"permanent",0.301241099834442,68.0222396850586,0,"Adirondaq","score",0,1,9789.60730552087,95.623556544995,FALSE,21,1,TRUE,FALSE,2041,633247.08001709,2808047.44304657,0.0335088388254518,39.4446228283249,24,"Dukhedai",NA
"341",-69.685,-13.415,"permanent",0.654617249965668,169.513732910156,0,"Adirondaq","score",0,1,12701.3700127655,53.1775029293483,FALSE,30,1,TRUE,FALSE,5085,1031248.15583801,5650994.11407471,0.00110683124566027,43.9469453810163,24,"Xahxuxe",NA
"342",-60.905,-44.345,"permanent",0.547243475914001,140.290252685547,0,"Adirondaq","score",0,1,17963.0798561707,1173.34632134472,FALSE,22,1,TRUE,FALSE,4209,1170395.06851006,10051486.587431,0.0066625112034387,32.5856632686496,21,"Tukhumchi",NA
"343",-73.035,-42.235,"permanent",0.523707449436188,134.19660949707,0,"Adirondaq","score",0,1,13078.3763273089,317.84423406387,FALSE,30,1,TRUE,FALSE,4026,1085795.04180145,9670713.43997955,0.000753813126540805,27.9778204769465,20,"Shuyuvuar",NA
"344",-62.885,-24.215,"permanent",0.525458335876465,133.755844116211,0,"Adirondaq","score",0,1,20453.8833720985,13.3235186585623,TRUE,20,1,TRUE,FALSE,4013,863545.49514389,6852454.40513611,0.0598925763209248,34.211256884591,26,"Uychonair",NA
"345",-76.665,-27.565,"permanent",0.504413068294525,126.261238098145,0,"Adirondaq","score",0,1,12617.2749461624,381.561517429546,FALSE,16,1,TRUE,FALSE,3788,851358.987426758,6748466.71599197,0.00278486173368525,29.3482924901743,24,"Agfure",NA
"346",-80.035,-37.605,"permanent",0.54083663225174,133.891616821289,0,"Adirondaq","score",0,1,11436.3786509438,331.204233892548,FALSE,19,1,TRUE,FALSE,4017,1006047.75276947,5637063.52547455,0.00129103769277974,39.530782107156,20,"Khotsvuor",NA
"347",-40.505,-34.305,"permanent",0.591322720050812,152.409622192383,0,"Adirondaq","score",0,1,15840.8948956373,400.291781900032,FALSE,45,1,TRUE,FALSE,4572,1066238.70192719,9466326.45122528,0.00126187609577178,53.4275641201837,17,"Aldxudaex",NA
"348",-79.755,-28.395,"permanent",0.500626564025879,125.297485351562,0,"Adirondaq","score",0,1,9741.14613159613,132.485452877671,FALSE,15,1,TRUE,FALSE,3759,865918.170928955,5320325.80416107,0.000632778342842704,30.5451192321132,24,"Xefudai",NA
"349",-81.085,-38.515,"permanent",0.486963778734207,125.839157104492,0,"Adirondaq","score",0,0,11221.1462775576,277.155554565222,FALSE,19,1,TRUE,FALSE,3775,998211.387580872,6092007.75992584,0.00115407727964768,36.1987856090112,20,"Woshuvow",NA
"350",-48.525,-37.415,"permanent",0.454905033111572,128.109710693359,0,"Adirondaq","score",0,0,18834.0226471482,1087.52440537256,FALSE,17,1,TRUE,FALSE,3843,1076130.77336121,9761857.17173004,0.015047596397835,29.716502349799,17,"Aldechae",NA
"351",-67.475,-36.715,"permanent",0.455395102500916,123.692367553711,0,"Adirondaq","score",0,0,17684.4083272385,95.9412680433985,FALSE,24,1,TRUE,FALSE,3711,981947.134986877,8499063.66680336,0.0132161490129295,37.2214550814256,20,"Uvyuoraru",NA
"352",-65.385,-42.055,"permanent",0.489093154668808,130.126281738281,0,"Adirondaq","score",0,0,18161.9808147321,621.68074871408,FALSE,22,1,TRUE,FALSE,3904,1089211.69523621,8600407.62412262,0.0126852946984641,38.4911761731327,20,"Vauvuwo",NA
"353",-41.275,-27.965,"permanent",0.791269183158875,208.238479614258,0,"Adirondaq","score",0,0,28633.5415807754,503.985810035767,FALSE,44,1,TRUE,FALSE,6247,875465.334945679,6020133.01506805,0.155864135270173,51.9356169922067,17,"Ephaldaex",NA
"354",-40.435,-45.265,"permanent",0.476534426212311,132.990310668945,0,"Adirondaq","score",0,0,20230.0302970815,423.555405858477,FALSE,33,1,TRUE,FALSE,3990,1247714.57980728,11255387.1867867,0.00849897757459034,48.397231745353,18,"Thavgaru",NA
"355",-44.785,-39.735,"permanent",0.464900463819504,130.368179321289,0,"Adirondaq","score",0,0,10556.2571100937,837.330065983991,FALSE,26,1,TRUE,FALSE,3911,1084471.75785065,7361897.76892853,7.96281471698033e-05,35.8388955183437,18,"Laexlairu",NA
"356",-72.545,-45.555,"permanent",0.509314000606537,132.574630737305,0,"Adirondaq","score",0,0,13502.6144022606,601.210433363931,FALSE,21,1,TRUE,FALSE,3977,1171913.11273956,8889243.44098473,0.00153753104612982,28.5272091660879,20,"Laikhuvow",NA
"357",-47.885,-32.815,"permanent",0.527654945850372,139.947250366211,0,"Adirondaq","score",0,0,15449.8073968648,982.505449052998,FALSE,14,1,TRUE,FALSE,4198,1042356.4628067,7318466.51174545,0.00589142118193651,34.4382159094266,17,"Ephaeghde",NA
"358",-70.585,-14.215,"permanent",0.550790548324585,151.567855834961,0,"Adirondaq","score",0,0,9699.84187832518,157.290023334227,FALSE,27,1,TRUE,FALSE,4547,996592.235061646,5133923.91558075,5.57397030188623e-05,38.4947235604573,24,"Raeghaefu",NA
"359",-47.025,-48.465,"permanent",0.548021733760834,143.567031860352,0,"Adirondaq","score",0,0,9944.10843265287,722.572945259258,FALSE,17,1,TRUE,FALSE,4307,1136238.02409363,6439194.88731575,0,30.894033721941,23,"Thaiwubke",NA
"360",-45.035,-35.575,"permanent",0.532559096813202,141.682678222656,0,"Adirondaq","score",0,0,15359.1062896666,787.899112986858,FALSE,23,1,TRUE,FALSE,4250,1064129.51508331,8332008.25880432,0.00334544388976067,36.0622627557183,17,"Dxuchesde",NA
"361",-39.085,-39.955,"permanent",0.480638325214386,134.316421508789,0,"Adirondaq","score",0,0,12771.8788211952,359.112282205074,FALSE,39,1,TRUE,FALSE,4029,1186808.71555328,9028164.55625916,9.23686507169718e-05,63.395467528972,18,"Xongxorga",NA
"362",-68.925,-14.385,"permanent",0.567149519920349,155.04426574707,0,"Adirondaq","score",0,0,21863.3355973126,14.9090193330806,TRUE,42,1,TRUE,FALSE,4651,969506.704181671,6292807.8696022,0.0620563385066856,43.1087889510553,24,"Agdaire",NA
"363",-37.285,-39.005,"permanent",0.531541764736176,143.250885009766,0,"Adirondaq","score",0,0,11419.7798715641,214.934526086936,FALSE,36,1,TRUE,FALSE,4298,1150698.33552551,7496981.21336365,1.91107553207528e-05,48.8905922180587,18,"Laimaenru",NA
"364",-70.705,-46.645,"permanent",0.504330337047577,132.129913330078,0,"Adirondaq","score",0,0,15772.8294687233,646.479121900307,FALSE,20,1,TRUE,FALSE,3964,995978.524036407,6928541.74023438,0.0104546448690807,32.2363070144396,20,"Shuorvau",NA
"365",-63.025,-32.415,"permanent",0.533920049667358,136.476013183594,0,"Adirondaq","score",0,0,16071.6223509932,232.379135617695,FALSE,26,1,TRUE,FALSE,4094,966122.301086426,6023337.05678558,0.010021467748477,52.4420887279047,21,"Osumchius",NA
"366",-60.125,-28.115,"permanent",0.491950333118439,130.439529418945,0,"Adirondaq","score",0,0,12685.627675004,424.591734557905,FALSE,18,1,TRUE,FALSE,3913,951075.147964478,6747188.1148262,0.00249926211250289,30.2894503854837,21,"Chiokhau",NA
"367",-72.095,-30.155,"permanent",0.469623982906342,123.345916748047,0,"Adirondaq","score",0,0,10476.0097201694,91.7672000888975,FALSE,30,1,TRUE,FALSE,3700,888688.337936401,7994622.43157578,3.71598020125749e-05,33.9882094202476,24,"Daixahkhe",NA
"368",-78.285,-36.865,"permanent",0.533747851848602,133.203536987305,0,"Adirondaq","score",0,0,17673.4781417978,454.826494443974,FALSE,16,1,TRUE,FALSE,3996,1005271.26531219,7364875.86990356,0.0172315310475454,35.2121748498756,20,"Zaizukhu",NA
"369",-65.105,-44.405,"permanent",0.485609769821167,129.811111450195,0,"Adirondaq","score",0,0,14390.8866863755,891.290824907384,FALSE,22,1,TRUE,FALSE,3894,1134683.86242104,9863818.53695107,0.00151718163074199,34.5306681232404,20,"Vowuvyuts",NA
"370",-63.275,-38.515,"permanent",0.525303959846497,135.87841796875,0,"Adirondaq","score",0,0,12498.967671125,551.525907812924,FALSE,26,1,TRUE,FALSE,4076,1073919.53649139,9457107.65286255,0,54.6186147358881,21,"Khauxixtu",NA
"371",-74.075,-27.555,"permanent",0.477794080972672,122.728385925293,0,"Adirondaq","score",0,0,12114.5620356467,313.794415172701,FALSE,23,1,TRUE,FALSE,3682,870942.30657959,7354822.40150452,0.00148356085749251,31.298021661163,24,"Tsuraexe",NA
"372",-55.025,-28.215,"permanent",0.474028617143631,129.11198425293,0,"Adirondaq","score",0,0,15246.218694062,857.478708823281,FALSE,17,1,TRUE,FALSE,3873,928942.861312866,7392165.62538147,0.00752857588774767,30.9120546846207,17,"Dxualdaex",NA
"373",-45.885,-45.755,"permanent",0.495183855295181,135.020446777344,0,"Adirondaq","score",0,0,13477.8671583088,788.913230530404,FALSE,23,1,TRUE,FALSE,4051,1264437.20046997,6602400.45049477,0.00270594139226807,41.1687366401992,23,"Duekix",NA
"374",-36.575,-37.035,"permanent",0.511215090751648,140.060653686523,0,"Adirondaq","score",0,0,12072.0273257322,167.339207951932,FALSE,42,1,TRUE,FALSE,4202,1106251.23518372,6284644.07572937,0.000773454736176023,51.348447644763,18,"Bailaexru",NA
"375",-72.385,-13.905,"permanent",0.55595064163208,151.801284790039,0,"Adirondaq","score",0,0,10174.7590183045,316.073101746477,FALSE,28,1,TRUE,FALSE,4554,967354.699581146,6335700.44234085,1.486392080503e-05,31.0400446742347,24,"Agghaexu",NA
"376",-68.245,-39.555,"permanent",0.491589963436127,129.777984619141,0,"Adirondaq","score",0,0,16053.8001509858,175.937407867409,FALSE,26,1,TRUE,FALSE,3893,1064384.46560669,7323495.48919678,0.00509926015086981,64.2334355947376,20,"Wokhuyu",NA
"377",-45.375,-33.855,"permanent",0.466490268707275,130.736953735352,0,"Adirondaq","score",0,0,10792.9515214594,793.489061403685,FALSE,15,1,TRUE,FALSE,3922,1045507.05748749,6161071.701828,0.000641802866188615,34.912105109589,17,"Uxdxudaex",NA
"378",-39.885,-20.615,"permanent",0.293769240379333,77.2219467163086,0,"Adirondaq","score",0,0,8564.56229546261,225.900541884103,FALSE,31,1,TRUE,FALSE,2317,726719.730705261,2665962.9176178,0.00542320767657807,73.0546905239688,19,"Favaithay",NA
"379",-77.675,-48.925,"permanent",0.497187912464142,130.424224853516,0,"Adirondaq","score",0,0,13113.7148591677,205.432549032355,FALSE,16,1,TRUE,FALSE,3913,930118.516490936,5813019.72161674,0.00661709902981066,24.5428983538274,20,"Zaemwokhu",NA
"380",36.275,-30.895,"permanent",0.818430185317993,256.979370117188,7,"Stockholm","sacred",0,0,14952.3598695108,12.3600111155457,TRUE,75,1,TRUE,FALSE,7709,1094406.45985413,5924959.28722382,0.000708690509811249,44.3181599291963,27,"Woshosdai",NA
"381",24.705,-12.145,"permanent",0.688754022121429,232.489898681641,7,"Stockholm","sacred",0,0,34452.1849177795,332.385069250939,FALSE,31,1,TRUE,FALSE,6975,1523623.87304688,13681693.7386932,0.0223935584014066,74.7488160712851,28,"Raempuxa",NA
"382",55.205,1.03499999999998,"permanent",0.682078540325165,226.428848266602,7,"Stockholm","sacred",1,0,9695.71139397391,3.607912604434,TRUE,96,1,TRUE,FALSE,6793,807936.35269165,2653614.08204651,0,82.5096632310854,29,"Rbaugonau",NA
"383",33.325,-33.525,"permanent",0.663074433803558,220.534759521484,7,"Stockholm","sacred",1,0,9421.22322674281,2.37305012320846,TRUE,66,1,TRUE,FALSE,6616,500577.281967163,3447556.15605927,2.12341725786142e-06,35.1533725674194,27,"Faiwobael",NA
"384",34.065,-29.735,"permanent",0.285063147544861,91.2035751342773,8,"Stockholm","sacred",0,0,8011.24276658226,169.058864912848,FALSE,10,1,TRUE,FALSE,2736,1012361.45619202,5406656.1125412,1.3377528724527e-05,45.6038855883764,27,"Aufaishos",NA
"385",30.255,-7.105,"permanent",0.875222444534302,269.672973632812,0,"Stockholm","confluence",0,1,31623.2323426177,213.811008695787,FALSE,47,1,TRUE,FALSE,8090,1682200.51622009,9544841.73320007,0.0171221750587656,106.92730373111,28,"Sugpuraf",NA
"386",44.485,-11.455,"permanent",0.793940901756287,256.270935058594,0,"Stockholm","confluence",0,1,39840.2601681859,263.598009152906,FALSE,59,1,TRUE,FALSE,7688,1567288.39620972,12580162.610611,0.0401755853730526,113.514122182573,30,"Anzupshae",NA
"387",48.785,9.42499999999998,"permanent",0.777009963989258,252.558151245117,0,"Stockholm","confluence",0,1,18740.040414592,49.9869462588396,TRUE,107,1,TRUE,FALSE,7577,1557554.57066345,7539340.98883057,0.000981549627446442,87.380443062148,31,"Mauhingwi",NA
"388",36.865,-5.47500000000001,"permanent",0.783437788486481,253.3271484375,0,"Stockholm","confluence",0,1,21550.9167950581,309.84702055446,FALSE,62,1,TRUE,FALSE,7600,1537845.28564453,6534311.12011719,0.00230348304132807,181.161331719305,28,"Hevupu",NA
"389",29.485,-14.585,"permanent",0.933703899383545,268.877410888672,0,"Stockholm","confluence",0,1,15598.5923000056,42.168176411666,TRUE,147,1,TRUE,FALSE,8066,1674217.44270325,3120402.9072876,0.00423568657511907,108.928574398231,30,"Anshaepom",NA
"390",41.345,-18.325,"permanent",0.776078462600708,252.115051269531,0,"Stockholm","confluence",0,1,38475.4186354944,416.217127029217,FALSE,40,1,TRUE,FALSE,7563,1609927.38310242,14350935.4259186,0.0296476826085756,82.2578124275807,14,"Igixaeni",NA
"391",43.925,-2.605,"permanent",0.682539105415344,231.774826049805,0,"Stockholm","score",1,0,17006.7384094045,11.7799532871627,TRUE,136,1,TRUE,FALSE,6953,1236320.41674805,4857795.8147583,0.00283423118493053,92.9557210801127,32,"Leiyixi",NA
"392",45.275,-0.285000000000011,"permanent",0.674611628055573,228.923065185547,0,"Stockholm","score",1,0,31438.3814973644,2.38518906854429,TRUE,136,1,TRUE,FALSE,6868,1004141.24595642,7428952.4553833,0.0641187075183835,97.5520251583969,32,"Xiphumo",NA
"393",55.585,-4.03500000000001,"permanent",0.612969279289246,212.522430419922,0,"Stockholm","score",1,0,4785.11671147605,0.617636073698406,TRUE,105,1,TRUE,FALSE,6376,460716.874557495,957231.781600952,0.0188962901777088,81.34155163753,29,"Beipeiw",NA
"394",51.035,-3.98500000000001,"permanent",0.672628581523895,226.00032043457,0,"Stockholm","score",1,0,13484.8907737309,3.11470442693028,TRUE,112,1,TRUE,FALSE,6780,414160.310134888,2697569.55712891,0.0651828934674484,82.2637908328356,29,"Aubaulpuw",NA
"395",43.435,-7.08500000000001,"permanent",0.697428464889526,235.08332824707,0,"Stockholm","score",1,0,12599.3618881266,9.00783969124607,TRUE,138,1,TRUE,FALSE,7052,1100993.8792572,4438677.98985291,0,102.809853180058,30,"Ozanphu",NA
"396",42.805,-1.73500000000001,"permanent",0.655362010002136,224.393905639648,0,"Stockholm","score",1,0,17534.8877186749,1.91543619993839,TRUE,137,1,TRUE,FALSE,6732,937092.184875488,7344911.77046204,0.000972879006976839,86.0997468564379,32,"Phoxnitlo",NA
"397",57.225,-5.01500000000001,"permanent",0.688448905944824,231.754852294922,0,"Stockholm","score",1,0,8913.6888172749,5.99706407849383,TRUE,100,1,TRUE,FALSE,6953,1045800.5406189,2264950.85917664,0,67.3672353188963,29,"Aupuwbaul",NA
"398",54.885,-10.205,"permanent",0.674860119819641,228.37141418457,0,"Stockholm","score",1,0,16200.0482959752,6.0342005567401,TRUE,106,1,TRUE,FALSE,6851,866147.700134277,5196697.22131348,0.00229379621402792,68.5918670206996,14,"Kevwaevae",NA
"399",55.105,-5.11500000000001,"permanent",0.654432356357574,223.393676757812,0,"Stockholm","score",1,0,12709.2338023582,5.56566176829538,TRUE,106,1,TRUE,FALSE,6702,880283.111022949,5071428.51994324,2.93739387337497e-05,81.7774053299994,29,"Goneiwpei",NA
"400",55.005,0.114999999999995,"permanent",0.71207058429718,237.522003173828,0,"Stockholm","score",1,0,13617.9636680506,9.42286039760973,TRUE,96,1,TRUE,FALSE,7126,917143.108291626,4241083.56286621,0.000629062362641446,83.5861639606308,29,"Gonbaulau",NA
"401",48.575,-19.955,"permanent",0.68185156583786,227.09391784668,0,"Stockholm","score",1,0,10556.6848042585,0.475092530745859,TRUE,107,1,TRUE,FALSE,6813,796610.474655151,3077215.78813171,0.000280291078037708,60.9978527860636,14,"Xiphegtim",NA
"402",42.465,-9.855,"permanent",0.847994923591614,268.824829101562,0,"Stockholm","score",1,0,27249.0338890342,6.72953606653261,TRUE,147,1,TRUE,FALSE,8065,1692143.04638672,13972138.5073547,0.00160955028145896,97.6964133349558,30,"Phapomoz",NA
"403",47.725,-19.265,"permanent",0.71700131893158,237.580276489258,0,"Stockholm","score",1,0,18227.2115104876,4.30770624458627,TRUE,109,1,TRUE,FALSE,7127,1119735.5708313,8882648.7075119,0.000787256948352122,61.092895779761,14,"Aivaekhav",NA
"404",51.825,-12.695,"permanent",0.800763249397278,251.682403564453,0,"Stockholm","score",1,0,14649.701335392,1.54495707487587,TRUE,112,1,TRUE,FALSE,7550,801938.661636353,2977983.83084106,0.00339003565217576,89.4723874042696,14,"Egaikhe",NA
"405",53.705,-1.69500000000001,"permanent",0.696206986904144,231.542709350586,0,"Stockholm","score",1,0,11992.4806235418,0.618120370202116,TRUE,101,1,TRUE,FALSE,6946,742946.21975708,3074407.93214417,0.000763368504201181,83.9850306250714,29,"Eiwgonpuw",NA
"406",58.635,-11.015,"permanent",0.654577136039734,223.736526489258,0,"Stockholm","score",1,0,7733.61296601013,7.74103588122853,TRUE,94,1,TRUE,FALSE,6712,870289.526504517,1547060.82498169,0.0104159683404554,62.1277308207068,14,"Aitimrai",NA
"407",41.575,-7.23500000000001,"permanent",0.703986525535583,235.166931152344,0,"Stockholm","score",1,0,13122.2698451667,0.498091254898807,TRUE,148,1,TRUE,FALSE,7055,817576.752685547,2982120.55773926,0.00143649177494325,104.415574548221,30,"Anmattae",NA
"408",49.575,7.84499999999998,"permanent",0.881376445293427,269.305450439453,0,"Stockholm","score",1,0,23007.0795103102,0.497255796662109,TRUE,109,1,TRUE,FALSE,8079,842763.381698608,5506375.90109253,0.0138850254491558,75.2137549512069,31,"Wilaetsae",NA
"409",45.135,1.24499999999999,"permanent",0.733456194400787,238.590606689453,0,"Stockholm","score",1,0,33271.3311982429,1.85450724394619,TRUE,139,1,TRUE,FALSE,7158,799723.409500122,7215397.7049408,0.0807843478667088,110.817451805561,32,"Winleyzei",NA
"410",30.625,-30.305,"permanent",0.706858396530151,235.182205200195,0,"Stockholm","score",1,0,15718.7703804865,7.8692933748029,TRUE,75,1,TRUE,FALSE,7055,902416.509346008,6760251.86818695,0.00107285656953448,42.2938484971218,27,"Woshaimuf",NA
"411",47.075,12.145,"permanent",0.681564450263977,229.832992553711,0,"Stockholm","score",1,0,12903.2469812831,4.42257013674359,TRUE,102,1,TRUE,FALSE,6895,850303.328964233,3275049.52337646,0.00121636418587828,86.7537597839107,31,"Daiwimau",NA
"412",34.475,-27.565,"permanent",0.67602014541626,226.572677612305,0,"Stockholm","score",1,0,16293.5504566216,0.459700144477185,TRUE,92,1,TRUE,FALSE,6797,420080.769836426,3699357.68959045,0.00801789456237817,62.6983447394495,27,"Maudaibu",NA
"413",50.925,-13.625,"permanent",0.713470101356506,237.507995605469,0,"Stockholm","score",1,0,13938.8913819571,3.72836368467194,TRUE,114,1,TRUE,FALSE,7125,857933.853790283,4005862.49977112,0.00126219460836046,73.3481570503449,14,"Xaenkevai",NA
"414",50.645,-1.88500000000001,"permanent",0.873099863529205,269.336547851562,0,"Stockholm","score",1,0,20584.3459741346,1.50293268906375,TRUE,107,1,TRUE,FALSE,8080,997814.991073608,6759999.48362732,0.0027846847822471,84.7634120138852,29,"Eiwpuwpei",NA
"415",42.825,-8.00500000000001,"permanent",0.671405494213104,228.824020385742,0,"Stockholm","score",1,0,22811.7092721236,5.57259052345735,TRUE,145,1,TRUE,FALSE,6865,1178516.44618225,5738075.19371033,0.0126269007238729,112.66085950433,30,"Anpomoz",NA
"416",47.235,-0.335000000000008,"permanent",0.730337738990784,238.716567993164,0,"Stockholm","score",1,0,16328.1420152194,2.57925079579833,TRUE,128,1,TRUE,FALSE,7161,782103.63822937,3266344.96502686,0.0774059910094513,90.7695079162399,32,"Leinitphu",NA
"417",38.395,-13.245,"permanent",0.923373162746429,269.561462402344,0,"Stockholm","score",1,0,26595.2213919379,19.2090606209926,TRUE,148,1,TRUE,FALSE,8087,1714854.21304321,13270935.7415314,0.00188453281635201,85.5133664432664,30,"Oztaentae",NA
"418",44.375,-7.355,"permanent",0.691910982131958,233.508636474609,0,"Stockholm","score",1,0,31356.9369187005,11.0295374689719,TRUE,145,1,TRUE,FALSE,7005,1001814.48355103,7219998.51210022,0.0550410987410259,114.45433204247,30,"Ozphupha",NA
"419",40.675,-7.50500000000001,"permanent",0.729814350605011,241.571548461914,0,"Stockholm","score",1,0,26657.5832108402,10.0944106815007,TRUE,152,1,TRUE,FALSE,7247,989792.576385498,7703811.02561951,0.0137401022213068,108.201812982543,30,"Anozphae",NA
"420",43.825,-4.76500000000001,"permanent",0.704354643821716,235.170059204102,0,"Stockholm","score",1,0,19297.9745762201,4.33708336920591,TRUE,137,1,TRUE,FALSE,7055,827045.641296387,6038917.04788208,0.00356203245006253,92.159957918969,32,"Lowinphu",NA
"421",45.975,-4.25500000000001,"permanent",0.702281177043915,235.019271850586,0,"Stockholm","score",1,0,28259.8836928195,4.32303431874627,TRUE,127,1,TRUE,FALSE,7051,957509.544387817,6234280.65341187,0.0549720876801454,84.2246074545169,32,"Phoxethlo",NA
"422",54.225,0.844999999999985,"permanent",0.647567570209503,223.022842407227,0,"Stockholm","score",1,0,15601.6658279138,5.58983799234495,TRUE,97,1,TRUE,FALSE,6691,1107371.26210022,3782533.22648621,0.00440184397554673,80.0853760951704,29,"Baupeipuw",NA
"423",43.575,-3.465,"permanent",0.657937824726105,224.078720092773,0,"Stockholm","score",1,0,7676.77874781842,3.0889398249503,TRUE,137,1,TRUE,FALSE,6722,796520.496047974,1535691.47950745,2.54810070943371e-05,95.1364647534384,32,"Mozeiywin",NA
"424",53.385,4.11499999999999,"permanent",0.693695485591888,234.056640625,0,"Stockholm","score",1,0,16053.7551402147,9.43924693394299,TRUE,96,1,TRUE,FALSE,7022,1292885.59321594,6078555.5045166,0.00122521175778604,61.7602684278413,29,"Puwpeigon",NA
"425",54.525,-14.605,"permanent",0.623715937137604,217.034088134766,0,"Stockholm","score",1,0,8500.85702000071,12.5008544843714,TRUE,100,1,TRUE,FALSE,6511,405216.320465088,2138448.53303528,7.96281471698033e-05,59.874765284473,14,"Vaekhei",NA
"426",51.115,0.264999999999986,"permanent",0.710938096046448,238.208480834961,0,"Stockholm","score",1,0,17757.6938027538,2.50587109275046,TRUE,102,1,TRUE,FALSE,7146,992425.859893799,6184081.48596191,0.0020485667995218,74.8542842773001,29,"Aupleipuw",NA
"427",55.425,2.19499999999999,"permanent",0.699880599975586,233.710052490234,0,"Stockholm","score",1,0,10853.7433148022,4.95891425622332,TRUE,94,1,TRUE,FALSE,7011,842196.285385132,3631338.82318115,0,67.097567941547,29,"Eiwgonau",NA
"428",38.635,-23.245,"permanent",0.711204648017883,234.272552490234,0,"Stockholm","score",1,0,17419.072264342,0.820308833269326,TRUE,115,1,TRUE,FALSE,7028,721883.078681946,4115420.68440247,0.00698020338090493,75.465401639433,14,"Taikev",NA
"429",29.925,-13.965,"permanent",0.922707915306091,269.035247802734,0,"Stockholm","score",1,0,23068.4659410609,29.9733023839113,TRUE,151,1,TRUE,FALSE,8071,1680998.33874512,9009571.97434998,0.00199388880513187,103.748992566419,30,"Anmatozi",NA
"430",21.785,-6.75500000000001,"permanent",0.710737109184265,236.998901367188,0,"Stockholm","score",1,0,21283.8606184343,9.61478509140809,TRUE,102,1,TRUE,FALSE,7110,955706.742340088,6483505.92140198,0.00815604568744572,66.8107689180985,33,"Iksaudau",NA
"431",52.405,-16.335,"permanent",0.711487948894501,236.9716796875,0,"Stockholm","score",1,0,13028.6959688099,7.18459567128544,TRUE,106,1,TRUE,FALSE,7109,904318.179885864,4922132.20317078,0.000294093290213807,58.2107765197791,14,"Tawaevain",NA
"432",54.795,-8.58500000000001,"permanent",0.686558485031128,228.951858520508,0,"Stockholm","score",1,0,25817.7543356804,0.496157646688666,TRUE,107,1,TRUE,FALSE,6869,755914.940109253,7461779.9758606,0.0205090255850545,75.8326412256205,14,"Aixaenwae",NA
"433",34.795,-16.905,"permanent",0.865410327911377,268.994354248047,0,"Stockholm","score",1,0,31857.1623740734,5.81267553147697,TRUE,141,1,TRUE,FALSE,8070,1792490.11334229,12366253.4967804,0.00962145638313889,87.8741323862539,30,"Aeshmatoz",NA
"434",59.785,-10.805,"permanent",0.694550395011902,232.64128112793,0,"Stockholm","score",1,0,16671.5877841588,4.7048645758974,TRUE,92,1,TRUE,FALSE,6979,931506.834503174,3335049.23725891,0.0298451604135567,57.1933553532447,14,"Egaixiphi",NA
"435",37.585,-23.465,"permanent",0.638629019260406,220.695251464844,0,"Stockholm","score",1,0,19784.4988217119,6.48640477525918,TRUE,112,1,TRUE,FALSE,6621,744800.678619385,6187357.73339844,0.00664470345416283,69.7883978404304,14,"Gikevxiph",NA
"436",40.315,-4.16500000000001,"permanent",0.665044486522675,224.976837158203,0,"Stockholm","score",1,0,15668.3544995112,0.499989816046499,TRUE,151,1,TRUE,FALSE,6749,771522.84375,7723654.94047546,8.59983989433876e-05,87.3152234000427,32,"Nitwinxi",NA
"437",55.755,-1.33500000000001,"permanent",0.714901447296143,237.360107421875,0,"Stockholm","score",1,0,14441.5837374043,4.64827953208281,TRUE,96,1,TRUE,FALSE,7121,857179.141235352,4551995.8809967,0.0011753114522263,68.4034337513363,29,"Aupuwbeiw",NA
"438",52.905,-0.955000000000013,"permanent",0.708274781703949,235.194030761719,0,"Stockholm","score",1,0,19032.3549129628,3.42662317117418,TRUE,100,1,TRUE,FALSE,7056,812231.497756958,6226141.91320801,0.00330952274781518,81.7104097543517,29,"Baureirau",NA
"439",40.725,9.16499999999999,"permanent",0.69257003068924,233.023498535156,0,"Stockholm","score",1,0,14493.0801162168,6.38993347756803,TRUE,126,1,TRUE,FALSE,6991,903092.564208984,4093349.77053833,0.00117495754934999,100.335854800929,34,"Seilaszei",NA
"440",29.395,-19.445,"permanent",0.896997511386871,268.150146484375,0,"Stockholm","score",1,0,28185.2169568934,6.50292856099939,TRUE,129,1,TRUE,FALSE,8045,1789186.91326904,7133501.0730896,0.0242313760380856,83.9741541824317,30,"Ozzupaesh",NA
"441",21.285,-16.315,"permanent",0.641563475131989,219.315490722656,0,"Stockholm","score",1,0,15520.8293529341,2.43986301656913,TRUE,98,1,TRUE,FALSE,6579,778295.661315918,6358634.29975891,0.00117849657811309,53.7531051999404,28,"Sugxahe",NA
"442",51.975,4.69499999999999,"permanent",0.690326273441315,232.785552978516,0,"Stockholm","score",1,0,12133.6284283341,7.12252772617563,TRUE,98,1,TRUE,FALSE,6984,911013.821411133,3155352.61729431,0.00107657254973574,66.4222557687479,29,"Aupeipuw",NA
"443",53.025,-12.415,"permanent",0.651087284088135,220.262405395508,0,"Stockholm","score",1,0,5453.88792175664,1.83797258554958,TRUE,110,1,TRUE,FALSE,6608,320293.083694458,1091015.46289062,0.000324882840452797,81.8323735454482,14,"Kevivain",NA
"444",50.785,3.58499999999999,"permanent",0.691430926322937,232.997039794922,0,"Stockholm","score",1,0,8218.08923588727,10.1948015666097,TRUE,107,1,TRUE,FALSE,6990,683439.325057983,1643977.4055481,0.00966367194052733,70.4209942912099,29,"Peizaubau",NA
"445",43.435,-24.955,"permanent",0.688002049922943,231.313888549805,0,"Stockholm","score",1,0,12483.1960193132,5.45665902504668,TRUE,98,1,TRUE,FALSE,6939,529771.484550476,5650949.92185974,0,50.4931466848548,14,"Xaenira",NA
"446",29.195,-23.305,"permanent",0.914049088954926,267.351440429688,0,"Stockholm","score",1,0,31699.9937381624,17.223396738513,TRUE,99,1,TRUE,FALSE,8021,1715673.52262878,10453927.5042267,0.0238693333956202,60.7162985451001,30,"Ozphutae",NA
"447",47.735,11.335,"permanent",0.685245156288147,230.322525024414,0,"Stockholm","score",1,0,11391.4603269707,6.02872900400565,TRUE,102,1,TRUE,FALSE,6910,904060.798629761,2569924.06997681,0.000856268009232618,92.1367819115853,31,"Daiwidaen",NA
"448",51.625,-18.155,"permanent",0.63486510515213,217.537521362305,0,"Stockholm","score",1,0,8964.03314986934,1.83194892151196,TRUE,98,1,TRUE,FALSE,6526,765062.727828979,2694766.15620422,0,52.374007557977,14,"Xaenegtai",NA
"449",35.475,-29.055,"permanent",0.664850354194641,226.030426025391,0,"Stockholm","score",1,0,13191.6071929682,7.07891643138018,TRUE,86,1,TRUE,FALSE,6781,914370.068962097,3060265.52690125,0.00321855144264854,58.6607154309998,27,"Faibuuf",NA
"450",19.085,-12.705,"permanent",0.7050661444664,231.268005371094,0,"Stockholm","score",1,0,12792.4921600165,0.493200224927574,TRUE,95,1,TRUE,FALSE,6938,716300.107559204,3810308.49523926,0.00103976665059948,58.4919681692635,28,"Xahavvu",NA
"451",52.405,-11.255,"permanent",0.738040864467621,241.082260131836,0,"Stockholm","score",1,0,16675.4965364034,3.29696985272861,TRUE,112,1,TRUE,FALSE,7232,884575.038162231,7263388.423172,0.000383276815043987,85.5834131824556,14,"Khetavae",NA
"452",46.635,2.36499999999999,"permanent",0.665423512458801,225.135589599609,0,"Stockholm","score",1,0,17366.086244826,0.618022951777151,TRUE,122,1,TRUE,FALSE,6754,752654.880493164,5884664.95506287,0.0020777637868174,87.0795525293568,32,"Loyimoor",NA
"453",23.075,-5.715,"permanent",0.670604407787323,227.666366577148,0,"Stockholm","score",1,0,20249.6959779554,8.3553829146463,TRUE,112,1,TRUE,FALSE,6830,852062.862350464,4304112.19122314,0.0173725107862013,84.6797357296799,33,"Ohzozsi",NA
"454",45.935,-2.105,"permanent",0.673124194145203,228.843872070312,0,"Stockholm","score",1,0,23004.22874227,8.50127919439135,TRUE,132,1,TRUE,FALSE,6865,896998.88659668,4601856.19102478,0.0589354459919438,88.7423887772848,32,"Lowinxior",NA
"455",45.685,-23.055,"permanent",0.848166525363922,263.935913085938,0,"Stockholm","score",1,0,15884.6318665144,7.68187970901968,TRUE,105,1,TRUE,FALSE,7918,791450.748825073,5665755.00642395,0.000741603477308101,68.5941409488445,14,"Khavkevta",NA
"456",54.185,-4.15500000000002,"permanent",0.710006535053253,237.601928710938,0,"Stockholm","score",1,0,13346.7449909568,2.59721170068181,TRUE,106,1,TRUE,FALSE,7128,961791.297622681,2669934.31941223,0.0582458662374532,80.6986832689229,29,"Puwauplei",NA
"457",49.675,-2.43500000000002,"permanent",0.679130077362061,229.696426391602,0,"Stockholm","score",1,0,29086.3097868031,6.26667823792763,TRUE,114,1,TRUE,FALSE,6891,864324.802978516,6059515.09188843,0.0753048696327974,87.5935677621716,29,"Beiwaupuw",NA
"458",60.365,-4.88500000000001,"permanent",0.714899897575378,236.223190307617,0,"Stockholm","score",1,0,18657.7844170095,4.37691482644873,TRUE,90,1,TRUE,FALSE,7087,635364.516845703,4138666.14544678,0.0167527004558977,49.9714570711031,29,"Goneiwau",NA
"459",33.385,-19.995,"permanent",0.965698957443237,268.431488037109,0,"Stockholm","score",1,0,19976.4862110769,25.0864743826297,TRUE,129,1,TRUE,FALSE,8053,1782763.37658691,11972806.4448547,0,82.6045018774458,30,"Zupanmat",NA
"460",46.225,13.185,"permanent",0.649314045906067,220.32356262207,0,"Stockholm","score",1,0,12623.5270590748,2.25290460664424,TRUE,104,1,TRUE,FALSE,6610,811685.123153687,2960538.85041809,0.00183905629674617,82.2826891785858,31,"Maughaephwaila",NA
"461",37.115,-14.665,"permanent",0.86645382642746,269.385681152344,0,"Stockholm","score",1,0,28665.0039568048,5.49425360346012,TRUE,144,1,TRUE,FALSE,8082,1753368.14024353,11054598.7806091,0.006343709057861,88.8851898555951,30,"Phaephuoz",NA
"462",36.235,-17.945,"permanent",0.95881599187851,268.904907226562,0,"Stockholm","score",1,0,19403.1147603108,31.9281760731979,TRUE,139,1,TRUE,FALSE,8067,1703301.77359009,6056503.85856628,0.00219303500938702,95.8714927478015,30,"Anshaezup",NA
"463",38.425,4.10499999999999,"permanent",0.785994648933411,254.964752197266,0,"Stockholm","score",0,1,23990.6429674942,278.42271912856,FALSE,65,1,TRUE,FALSE,7649,1542778.10173035,11729759.7067871,0.000760006426876237,140.565317499751,32,"Yizeiynau",NA
"464",37.275,1.76499999999999,"permanent",0.764232039451599,250.395217895508,0,"Stockholm","score",0,1,32432.5184910122,308.107977136254,FALSE,67,1,TRUE,FALSE,7512,1523925.38671875,8913276.51277161,0.0196085197162832,172.18646907137,32,"Moleyzei",NA
"465",24.815,-15.145,"permanent",0.910338401794434,268.104064941406,0,"Stockholm","score",0,1,30454.9764603509,80.3849617277143,FALSE,27,1,TRUE,FALSE,8043,1723960.80543518,12493914.2718811,0.0093775414650305,64.3597241885827,30,"Phaozshae",NA
"466",36.905,-4.39500000000001,"permanent",0.767678618431091,250.703353881836,0,"Stockholm","score",0,1,39813.1811591831,311.682752616286,FALSE,67,1,TRUE,FALSE,7521,1510933.52587891,9886197.25842285,0.0573603690679363,181.251706971132,28,"Pufuvge",NA
"467",23.835,-9.56500000000001,"permanent",0.898836433887482,268.489593505859,0,"Stockholm","score",0,1,24392.62805321,18.0991058380924,TRUE,123,1,TRUE,FALSE,8055,1667825.05451965,10074050.434433,0.00295225779418,78.3201303952486,28,"Fuvvusui",NA
"468",25.015,-16.755,"permanent",0.905136227607727,267.920043945312,0,"Stockholm","score",0,1,27779.9324561947,90.3035336958505,FALSE,23,1,TRUE,FALSE,8038,1783433.72900391,13647867.3716125,0.00374676975149648,60.0183671594853,30,"Zupoztaen",NA
"469",27.075,-7.91500000000001,"permanent",0.907276153564453,269.197723388672,0,"Stockholm","score",0,1,18409.7953392036,114.780371012287,FALSE,42,1,TRUE,FALSE,8076,1708511.99594116,8560303.25662231,0.000186860718691805,95.3561376370109,28,"Fuvlumvu",NA
"470",39.665,-10.505,"permanent",0.89439594745636,269.865081787109,0,"Stockholm","score",0,1,20413.3310370884,21.3510935040372,TRUE,148,1,TRUE,FALSE,8096,1732009.34214783,9983133.1177063,0.000347178721660342,96.8322580560631,30,"Phumatozi",NA
"471",37.965,-15.875,"permanent",0.927666485309601,269.192108154297,0,"Stockholm","score",0,1,29445.3291136116,19.6932466752141,TRUE,142,1,TRUE,FALSE,8076,1751191.48524475,10567482.8054199,0.00859046146811653,92.8774415088287,30,"Oztaephu",NA
"472",46.745,10.395,"permanent",0.76611989736557,250.501800537109,0,"Stockholm","score",0,1,18912.5187782057,146.065906232483,FALSE,36,1,TRUE,FALSE,7515,1551472.12266541,6805197.51292419,0.00072461613924521,156.883691195037,31,"Laewsaewi",NA
"473",28.295,-5.14500000000001,"permanent",0.772021353244781,251.260604858398,0,"Stockholm","score",0,1,33612.6231332375,133.454331090384,FALSE,49,1,TRUE,FALSE,7538,1520807.69255066,10994427.6067505,0.0151999515860865,146.348438305005,28,"Lumpuyauv",NA
"474",34.075,-28.635,"permanent",0.756824910640717,247.321075439453,0,"Stockholm","score",0,1,17972.5120477285,95.4222504718929,FALSE,13,1,TRUE,FALSE,7420,1436080.84143829,4798892.04871368,0.00553475721083549,63.4968460096643,27,"Faibawoan",NA
"475",22.265,-10.565,"permanent",0.858604967594147,268.088958740234,0,"Stockholm","score",0,1,21383.8087645543,169.279147830416,FALSE,23,1,TRUE,FALSE,8043,1676364.45169067,9119829.93632507,0.001636977754373,70.0721330400792,28,"Gegaexpu",NA
"476",29.595,-8.95500000000001,"permanent",0.882712841033936,269.460815429688,0,"Stockholm","score",0,1,38520.4069035543,208.266385127023,FALSE,44,1,TRUE,FALSE,8084,1722046.43209839,12803047.2095337,0.0349233127857323,83.6281524516447,28,"Lumgehe",NA
"477",38.885,-9.245,"permanent",0.768913567066193,250.902618408203,0,"Stockholm","score",0,1,31304.5042161762,154.646999012044,FALSE,51,1,TRUE,FALSE,7527,1554050.48742676,10184700.870636,0.0153172703895834,112.925364504362,30,"Anphaphu",NA
"478",27.305,-14.745,"permanent",0.932105600833893,268.492950439453,0,"Stockholm","score",0,1,28806.1447316627,172.74290362516,FALSE,30,1,TRUE,FALSE,8055,1747470.6910553,11022948.4385834,0.0079739626575841,75.5880423322731,30,"Phaanmati",NA
"479",34.535,-7.23500000000001,"permanent",0.791217625141144,256.295867919922,0,"Stockholm","score",0,1,40342.487581869,245.494291694829,FALSE,56,1,TRUE,FALSE,7689,1542933.2671051,12430387.2958069,0.0437989124224495,118.194436211186,28,"Tsauggevu",NA
"480",29.605,-15.845,"permanent",0.911264896392822,268.694183349609,0,"Stockholm","score",0,1,21161.4035034528,65.1146204119777,FALSE,26,1,TRUE,FALSE,8061,1761101.77325439,6782489.99610901,0.00312460849494308,92.5572582018704,30,"Phaozphae",NA
"481",33.155,-14.425,"permanent",0.928443789482117,269.201599121094,0,"Stockholm","score",0,1,32417.9636155739,5.09536040403308,TRUE,148,1,TRUE,FALSE,8076,1726351.3651886,11879137.6389771,0.0124846317675962,87.5862302812802,30,"Shaezupan",NA
"482",28.405,-14.775,"permanent",0.920673727989197,268.70068359375,0,"Stockholm","score",0,1,19640.1988247919,65.5467455686051,FALSE,29,1,TRUE,FALSE,8061,1728502.28140259,6390997.22937012,0.00225860815661193,87.0461433439961,30,"Ozanphui",NA
"483",42.385,2.91499999999999,"permanent",0.812459170818329,260.754547119141,0,"Stockholm","score",0,1,48510.3248311131,340.063068817212,FALSE,61,1,TRUE,FALSE,7823,1563504.4197998,10122296.1707764,0.173237404419681,200.826585621214,32,"Lothyilei",NA
"484",24.575,-8.25500000000001,"permanent",0.864001512527466,268.7353515625,0,"Stockholm","score",0,1,25413.6716482079,78.7782166879255,FALSE,29,1,TRUE,FALSE,8062,1691910.56755066,7927603.7744751,0.00866778924659032,80.5648079636582,28,"Raffuvseg",NA
"485",32.835,-8.30500000000001,"permanent",0.862109005451202,268.841766357422,0,"Stockholm","score",0,1,24965.8109187522,381.730855108842,FALSE,51,1,TRUE,FALSE,8065,1670429.7331543,12447734.6594391,0.00121294925292895,95.6499459038666,28,"Hegaexsug",NA
"486",38.495,-10.875,"permanent",0.888236820697784,269.834625244141,0,"Stockholm","score",0,1,18806.918314525,99.5915878482163,FALSE,42,1,TRUE,FALSE,8095,1690260.47514343,6983539.88337708,0.000925279070113114,95.8485510008304,30,"Shaezupoz",NA
"487",27.795,-6.47500000000001,"permanent",0.77261483669281,251.906921386719,0,"Stockholm","score",0,1,36768.9760900027,140.486600752709,FALSE,47,1,TRUE,FALSE,7557,1521443.68685913,8898701.61106873,0.0575785823641703,140.845387506956,28,"Havraemhe",NA
"488",40.015,1.02499999999999,"permanent",0.769215762615204,251.22966003418,0,"Stockholm","score",0,1,27007.4656769318,440.124647293109,FALSE,60,1,TRUE,FALSE,7537,1520538.67700195,12529653.7733154,0.00227170256303541,121.469822719925,32,"Lophushi",NA
"489",30.455,-15.065,"permanent",0.885438621044159,267.669219970703,0,"Stockholm","score",0,1,18765.5213807651,60.9075690446451,FALSE,33,1,TRUE,FALSE,8030,1796935.9145813,3753928.13130188,0.0280227375519972,104.033272693452,30,"Phaphuoz",NA
"490",34.605,-19.075,"permanent",0.918404459953308,268.655731201172,0,"Stockholm","score",0,1,24599.9083467193,38.2458218144742,TRUE,135,1,TRUE,FALSE,8060,1782103.69145203,9889597.3877182,0.00293190837879216,88.2801933272437,30,"Aeshzupoz",NA
"491",29.305,-26.995,"permanent",0.757721126079559,247.517440795898,0,"Stockholm","score",0,1,22064.0995895924,127.090290790046,FALSE,20,1,TRUE,FALSE,7426,1554743.22463989,12679270.0308151,0.00103675847615084,55.1184809285629,27,"Waumbudai",NA
"492",37.745,2.66499999999999,"permanent",0.756700992584229,248.606842041016,0,"Stockholm","score",0,1,20186.724333548,325.651617127161,FALSE,68,1,TRUE,FALSE,7458,1491528.6166687,7852615.64486694,0.000597918909526145,183.026842507134,32,"Zeishiley",NA
"493",20.145,-11.165,"permanent",0.801110625267029,257.666076660156,0,"Stockholm","score",0,1,23354.5539482068,58.8056696661777,FALSE,16,1,TRUE,FALSE,7730,1605408.86587524,11540689.3011475,0.00186312169233524,62.9861924410173,28,"Hesegsu",NA
"494",39.795,-21.635,"permanent",0.780244112014771,253.352111816406,0,"Stockholm","score",0,1,20752.5757027825,208.710892285832,FALSE,29,1,TRUE,FALSE,7601,1529319.86717987,10538389.0381851,0.000730455536704329,75.790070734344,14,"Ikhitsta",NA
"495",36.665,-16.895,"permanent",0.875774145126343,269.057373046875,0,"Stockholm","score",0,1,16866.933009194,108.661391463973,FALSE,33,1,TRUE,FALSE,8072,1748336.80375671,8261338.93508911,0,81.0298211137299,30,"Phuanmati",NA
"496",37.195,-11.115,"permanent",0.869257569313049,269.801330566406,0,"Stockholm","score",0,1,22243.1538977671,224.469996636077,FALSE,42,1,TRUE,FALSE,8094,1738549.31817627,10897222.6419373,0.000741603477308101,90.1553084316361,30,"Taenanpom",NA
"497",50.035,-12.465,"permanent",0.759303271770477,248.777160644531,0,"Stockholm","score",0,1,29410.3768916366,154.964073934354,FALSE,32,1,TRUE,FALSE,7463,1528198.57557678,10686833.005249,0.0126840521493542,77.6147680915011,14,"Vaetatim",NA
"498",48.425,-9.825,"permanent",0.774172902107239,251.739883422852,0,"Stockholm","score",0,1,40209.4023517221,419.229445785557,FALSE,56,1,TRUE,FALSE,7552,1566690.35720825,13788800.0754852,0.0380046848496053,100.340096013385,30,"Matphuoz",NA
"499",32.855,-0.325000000000017,"permanent",0.796654760837555,257.453643798828,0,"Stockholm","score",0,1,39190.6959641822,69.7153126552005,FALSE,67,1,TRUE,FALSE,7724,1510053.92674255,10934350.8289642,0.039930861534084,156.654419184089,28,"Havgefuvi",NA
"500",26.325,-8.41500000000001,"permanent",0.890332341194153,268.038970947266,0,"Stockholm","score",0,1,29580.3678424004,153.288102386863,FALSE,35,1,TRUE,FALSE,8041,1723283.21165466,8476903.2374115,0.0193216814350337,87.4302643590059,28,"Purafraem",NA
"501",30.475,-16.015,"permanent",0.861114501953125,268.781158447266,0,"Stockholm","score",0,1,28766.7132258408,71.9564972548961,FALSE,29,1,TRUE,FALSE,8063,1720992.1894989,6699229.7472229,0.0292707760453052,96.1431303084439,30,"Anozzup",NA
"502",22.645,-18.535,"permanent",0.965823352336884,267.253784179688,0,"Stockholm","score",0,1,26119.9246532797,40.5546312529309,TRUE,102,1,TRUE,FALSE,8018,1733764.3346405,12190994.2581482,0.0038184350839493,55.7966582251285,30,"Matozan",NA
"503",46.155,9.54499999999999,"permanent",0.760505259037018,248.681610107422,0,"Stockholm","score",0,1,33306.3208480513,249.745128941938,FALSE,39,1,TRUE,FALSE,7460,1552830.76585388,10074931.6743164,0.0174300705611555,162.831550026598,31,"Daighaundeiazaaza",NA
"504",56.535,-5.65500000000002,"permanent",0.754999339580536,247.582962036133,0,"Stockholm","score",0,1,24382.8290234986,36.159146016649,TRUE,103,1,TRUE,FALSE,7427,1474980.89271545,4879294.22854614,0.0365107441374219,79.4230212901733,29,"Eiwaubau",NA
"505",28.015,-18.915,"permanent",0.882107496261597,268.066253662109,0,"Stockholm","score",0,1,25952.4093470623,38.1334278112895,TRUE,121,1,TRUE,FALSE,8042,1752823.73912048,9168944.25086975,0.00642712396580732,79.9853727578179,30,"Taepomozi",NA
"506",42.965,2.01499999999999,"permanent",0.816339254379272,260.767486572266,0,"Stockholm","score",0,1,41334.6721584303,219.114989633774,FALSE,61,1,TRUE,FALSE,7823,1532226.22189331,9752165.26269531,0.0649521487920941,193.251162967508,32,"Phuyieth",NA
"507",31.755,-15.175,"permanent",0.915561318397522,269.031005859375,0,"Stockholm","score",0,1,24521.2644533724,161.550584158043,FALSE,34,1,TRUE,FALSE,8071,1728073.27145386,8543415.86965942,0.00489890056532445,85.2611747769296,30,"Taenmatan",NA
"508",33.915,-3.26500000000001,"permanent",0.801776111125946,258.461090087891,0,"Stockholm","score",0,1,39105.9571886032,417.743761469721,FALSE,67,1,TRUE,FALSE,7754,1563528.63327026,10315570.0907745,0.0547162159005731,133.87273459098,28,"Sugegangi",NA
"509",25.535,-22.765,"permanent",0.845713257789612,263.792877197266,0,"Stockholm","score",0,1,17272.0106831213,109.374236302835,FALSE,13,1,TRUE,FALSE,7914,1680131.39659882,8334772.7361145,0.000392832192704363,54.2556156326387,30,"Phaozzup",NA
"510",27.645,-24.605,"permanent",0.918194055557251,266.976837158203,0,"Stockholm","score",0,1,18558.2486536009,63.4175861514477,FALSE,16,1,TRUE,FALSE,8009,1595853.79886627,8196732.3841629,0.000986858170591096,53.5576222308954,30,"Zupanaesh",NA
"511",30.235,-19.865,"permanent",0.808435320854187,258.239929199219,0,"Stockholm","score",0,0,16966.5660941027,80.8697901179832,FALSE,28,1,TRUE,FALSE,7747,1662038.61788177,8955985.82411957,0,74.7452088814378,30,"Antaemat",NA
"512",58.875,-9.435,"permanent",0.706819713115692,236.432144165039,0,"Stockholm","score",0,0,28289.6490706171,42.3396127315776,TRUE,95,1,TRUE,FALSE,7093,1487719.87785339,8085075.81175232,0.0358989219006117,58.6152334085141,14,"Irakhav",NA
"513",48.855,-16.615,"permanent",0.708904325962067,237.43342590332,0,"Stockholm","score",0,0,17345.9076955791,64.5723065321087,FALSE,23,1,TRUE,FALSE,7123,1561381.19662476,10969528.7823944,1.27405035471685e-05,58.3403582491884,14,"Kevwaeta",NA
"514",25.625,-23.985,"permanent",0.89922708272934,266.813201904297,0,"Stockholm","score",0,0,12679.4392128602,32.4670023740189,TRUE,95,1,TRUE,FALSE,8004,1429975.41329193,4785257.71762848,6.37025177358426e-06,58.2845118510192,30,"Zupphaozi",NA
"515",32.145,-28.655,"permanent",0.704310238361359,235.715148925781,0,"Stockholm","score",0,0,25671.332750823,235.672436501506,FALSE,15,1,TRUE,FALSE,7071,1692943.59414673,11296345.534584,0.00718670570923198,51.4741305080603,27,"Ufaufai",NA
"516",21.985,-9.66500000000001,"permanent",0.691891849040985,233.449203491211,0,"Stockholm","score",0,0,23124.1819467268,197.136826587243,FALSE,21,1,TRUE,FALSE,7003,1491808.4069519,8108801.22253418,0.00725040822696782,71.0088055111331,28,"Vusuhe",NA
"517",31.235,-24.815,"permanent",0.703155636787415,235.770858764648,0,"Stockholm","score",0,0,28805.9409782991,72.4207280634945,FALSE,21,1,TRUE,FALSE,7073,1135579.16808319,10714634.6519165,0.0185639753768535,54.0392375215609,27,"Babuwo",NA
"518",41.535,-0.215000000000018,"permanent",0.664883494377136,228.003631591797,0,"Stockholm","score",0,0,24445.4665501184,227.423848266101,FALSE,44,1,TRUE,FALSE,6840,1493498.85081482,11024152.6889496,0.0035471685292575,83.7136442558332,32,"Loleyxior",NA
"519",42.815,-12.435,"permanent",0.727046370506287,241.928634643555,0,"Stockholm","score",0,0,20519.3897191115,279.251201635567,FALSE,54,1,TRUE,FALSE,7258,1536124.60101318,12414131.6616364,7.00727695094269e-05,105.727783507182,30,"Pomzupani",NA
"520",33.245,-1.55500000000001,"permanent",0.713301658630371,239.009689331055,0,"Stockholm","score",0,0,17082.3354667929,221.344036012551,FALSE,51,1,TRUE,FALSE,7170,1491877.3000946,8551489.28852844,0,113.784893337699,28,"Gerafsu",NA
"521",41.805,7.63499999999999,"permanent",0.717707455158234,239.942108154297,0,"Stockholm","score",0,0,38462.3812613622,220.173154201184,FALSE,46,1,TRUE,FALSE,7198,1523780.56130981,7857856.48727417,0.169368007321543,111.159659819586,31,"Deihtsawsaeis",NA
"522",32.505,-3.56500000000001,"permanent",0.696675300598145,235.168365478516,0,"Stockholm","score",0,0,18702.6220103413,284.933506936853,FALSE,51,1,TRUE,FALSE,7055,1513767.73730469,10530330.1465759,0,117.240248375339,28,"Lumvuyauv",NA
"523",40.625,7.78499999999998,"permanent",0.662853837013245,227.475128173828,0,"Stockholm","score",0,0,35248.606526027,120.136567311273,FALSE,39,1,TRUE,FALSE,6824,1489580.66758728,7787852.26004028,0.130099298069035,94.6604288445645,34,"Woumyaon",NA
"524",44.455,6.47499999999999,"permanent",0.713004887104034,238.838241577148,0,"Stockholm","score",0,0,27406.6040133025,451.766141973667,FALSE,48,1,TRUE,FALSE,7165,1491332.18467712,10200648.2541962,0.00635644956140817,120.115400264623,31,"Mauwilae",NA
"525",37.485,-29.265,"permanent",0.686852812767029,231.395889282227,0,"Stockholm","score",0,0,11127.9667031746,10.3339275940776,TRUE,82,1,TRUE,FALSE,6942,832467.734741211,4278305.06787872,0,51.4234046204355,27,"Mauxaunbu",NA
"526",24.385,-6.965,"permanent",0.727536499500275,241.704345703125,0,"Stockholm","score",0,0,26355.9885097349,200.4666246621,FALSE,30,1,TRUE,FALSE,7251,1643273.94113159,9629087.85403442,0.0087049490486029,78.5712648649151,28,"Getsaugpu",NA
"527",21.615,-13.095,"permanent",0.707299828529358,236.813629150391,0,"Stockholm","score",0,0,20811.46668188,55.3909090560515,FALSE,18,1,TRUE,FALSE,7104,1495375.34909058,10995871.132782,0.00124538422173572,58.1708975551818,28,"Pugaetssu",NA
"528",43.035,10.145,"permanent",0.696089625358582,234.962707519531,0,"Stockholm","score",0,0,17520.9277905297,90.9651040937457,FALSE,39,1,TRUE,FALSE,7049,1499935.2678833,9624625.65315247,0,99.3170811989296,31,"Daideilae",NA
"529",44.325,12.115,"permanent",0.718351483345032,239.72541809082,0,"Stockholm","score",0,0,30806.3548881957,12.7149292224935,TRUE,110,1,TRUE,FALSE,7192,1025742.49378967,6798796.65679932,0.0640603135437923,96.0818512689706,31,"Ghindaiwi",NA
"530",27.725,-19.905,"permanent",0.825573027133942,262.644226074219,0,"Stockholm","score",0,0,19192.0071088371,146.37865346698,FALSE,22,1,TRUE,FALSE,7879,1731948.38845825,10466537.3867188,0.000291863702093053,63.6882248912733,30,"Phuanoz",NA
"531",43.675,-22.605,"permanent",0.644045054912567,222.472747802734,0,"Stockholm","score",0,0,16732.3196309606,168.820551363245,FALSE,24,1,TRUE,FALSE,6674,1498987.29282379,9758097.95246887,2.54810070943371e-05,77.8307293095458,14,"Kevegwae",NA
"532",31.845,-18.595,"permanent",0.89426976442337,268.516784667969,0,"Stockholm","score",0,0,31049.4200585302,34.2978778876217,TRUE,132,1,TRUE,FALSE,8056,1775867.21765137,12746807.1920624,0.00740966452130743,85.9366480829085,30,"Zuptaepom",NA
"533",34.585,-12.935,"permanent",0.673979222774506,229.826782226562,0,"Stockholm","score",0,0,27831.7428084383,243.518385237714,FALSE,39,1,TRUE,FALSE,6895,1518236.77032471,9306889.17247009,0.0157684965568789,83.4947490170874,30,"Anzupphae",NA
"534",35.025,-11.865,"permanent",0.785527348518372,254.948638916016,0,"Stockholm","score",0,0,35318.2615228376,282.2010118598,FALSE,40,1,TRUE,FALSE,7648,1642717.1893158,10525864.502533,0.0413047124999204,84.8252082946627,30,"Phaematan",NA
"535",44.025,-21.005,"permanent",0.707204103469849,236.792251586914,0,"Stockholm","score",0,0,27582.2707613247,270.136574232792,FALSE,28,1,TRUE,FALSE,7104,1611744.71687317,12426092.9974365,0.00514344745285483,84.2048185921097,14,"Aivainvae",NA
"536",30.955,-7.605,"permanent",0.71217554807663,238.595672607422,0,"Stockholm","score",0,0,18448.3218863482,272.599556036252,FALSE,48,1,TRUE,FALSE,7158,1531861.74291992,7266345.38037109,0.00103463505889298,100.344893186241,28,"Hegangraf",NA
"537",37.635,-5.80500000000001,"permanent",0.703502714633942,236.795852661133,0,"Stockholm","score",0,0,16874.4040999416,246.079021549113,FALSE,45,1,TRUE,FALSE,7104,1444874.0098114,8768200.93148804,0,99.7450103288401,28,"Seghehav",NA
"538",29.075,-11.105,"permanent",0.841118037700653,266.966552734375,0,"Stockholm","score",0,0,39163.1927924752,258.043256142975,FALSE,38,1,TRUE,FALSE,8009,1672762.46221924,14054205.6990204,0.0336519167025878,74.0286007429152,30,"Zupphupom",NA
"539",38.105,-22.015,"permanent",0.664816617965698,227.325653076172,0,"Stockholm","score",0,0,18958.73258988,119.43457625525,FALSE,25,1,TRUE,FALSE,6820,1544252.44354248,8227054.51763916,0.00162547591089292,69.33900259917,14,"Khavgikhe",NA
"540",36.185,-18.955,"permanent",0.769025385379791,251.080932617188,0,"Stockholm","score",0,0,23663.3320474044,128.928069911718,FALSE,34,1,TRUE,FALSE,7532,1679589.71061707,8487041.83796692,0.00491791020553769,83.5066356926392,30,"Phaephuan",NA
"541",37.675,-0.165000000000006,"permanent",0.696115970611572,235.1123046875,0,"Stockholm","score",0,0,34264.7839644325,396.127793927106,FALSE,63,1,TRUE,FALSE,7053,1515449.54217529,12182089.4341431,0.0207972794778092,108.77607643993,32,"Leyethlo",NA
"542",27.475,-23.205,"permanent",0.8675457239151,267.200408935547,0,"Stockholm","score",0,0,16911.8485407788,87.5718537136286,FALSE,12,1,TRUE,FALSE,8016,1877071.2762146,9353675.18713379,2.33575898364756e-05,55.0692579804688,30,"Ozaeshmat",NA
"543",45.585,5.98499999999999,"permanent",0.696375846862793,235.0244140625,0,"Stockholm","score",0,0,18265.1588692442,327.655758841255,FALSE,37,1,TRUE,FALSE,7051,1492734.16796875,10522460.2797546,0,100.119214283468,31,"Daiwitsae",NA
"544",48.575,-7.215,"permanent",0.688502371311188,233.111175537109,0,"Stockholm","score",0,0,26786.8402295417,197.639471545072,FALSE,43,1,TRUE,FALSE,6993,1479666.36798096,13323478.844162,0.00375278610039375,76.6761077305518,30,"Zuptaenoz",NA
"545",24.115,-21.025,"permanent",0.844061553478241,264.864166259766,0,"Stockholm","score",0,0,22674.543711942,114.472402079922,FALSE,14,1,TRUE,FALSE,7946,1419261.75096893,11917346.3524094,0.00159680977791179,48.1843670402275,30,"Phamatpom",NA
"546",43.085,8.33499999999999,"permanent",0.64606773853302,223.593414306641,0,"Stockholm","score",0,0,16418.2552362578,253.511421222733,FALSE,41,1,TRUE,FALSE,6708,1492914.48031616,8838155.57948303,0,95.9792652448906,31,"Maughinwi",NA
"547",-53.375,4.93499999999999,"permanent",0.641623020172119,182.344940185547,7,"Banff","sacred",0,0,9457.22378170189,278.142195401489,FALSE,6,1,TRUE,FALSE,5470,834810.265525818,5147732.52119827,0,20.4122666554993,35,"Rowaifae",NA
"548",-30.965,19.045,"permanent",0.294179648160934,81.0512619018555,7,"Banff","sacred",0,0,6358.48084334378,116.536647171736,FALSE,7,1,TRUE,FALSE,2432,487370.434295654,4688969.19786453,0,20.9807359635088,36,"Ghuncheme",NA
"549",-20.805,24.335,"permanent",0.491502553224564,147.405624389648,7,"Banff","sacred",0,0,8728.72650538472,31.4813949318276,TRUE,24,1,TRUE,FALSE,4422,796253.34418869,5269469.2642746,0,21.0596182208513,36,"Ihdethse",NA
"550",-60.195,-7.92500000000001,"permanent",0.63200056552887,175.797805786133,8,"Banff","sacred",0,0,33123.6431786739,546.513223872716,FALSE,31,1,TRUE,FALSE,5274,1073451.07798386,7674023.46512604,0.330912283756495,54.5835954260154,37,"Rixnomthi",NA
"551",-62.955,-6.20500000000001,"permanent",0.554951846599579,160.930465698242,9,"Banff","sacred",0,0,12280.8413269869,192.559987731428,FALSE,23,1,TRUE,FALSE,4828,969833.223434448,9106099.13815308,0,32.5540673024038,37,"Thirixun",NA
"552",-37.155,16.765,"permanent",0.716450333595276,204.858474731445,9,"Banff","sacred",0,0,20634.9637040473,366.113909472173,FALSE,6,1,TRUE,FALSE,6146,588989.699542999,4127898.8885994,0.318500909884295,23.4267025608832,36,"Keiseulai",NA
"553",-53.935,-5.72500000000001,"permanent",0.717460989952087,196.081817626953,0,"Banff","confluence",0,1,15704.6384295725,278.551272560202,FALSE,15,1,TRUE,FALSE,5882,1169752.7442627,6969885.49309921,0.00188877965086773,43.5259073916016,38,"Bamlenaen",NA
"554",-43.885,10.865,"permanent",0.762279272079468,209.251815795898,0,"Banff","confluence",0,1,34898.583204165,157.044135275518,FALSE,8,1,TRUE,FALSE,6278,1258400.52258301,9541310.70986557,0.246583598583532,32.065175438509,35,"Romaeghai",NA
"555",-34.255,20.875,"permanent",0.369420260190964,89.6858749389648,0,"Banff","confluence",0,1,17994.4215134746,469.149096850434,FALSE,8,1,TRUE,FALSE,2691,571440.634552002,4805967.68914032,0.330154223795438,24.0646060892628,36,"Hiseul",NA
"556",-45.835,7.73499999999999,"permanent",0.711443722248077,196.621063232422,0,"Banff","confluence",0,1,29273.5330378798,104.965798375435,FALSE,9,1,TRUE,FALSE,5899,1196726.93539429,5855993.02421761,0.392292490817987,35.5344651288329,35,"Faebobro",NA
"557",-68.485,-23.105,"permanent",0.298333138227463,69.7681045532227,0,"Banff","confluence",0,1,5488.37987651312,210.654252802838,FALSE,17,1,TRUE,FALSE,2093,445441.990573883,3369808.80599213,1.06170862893071e-06,31.2492043580479,24,"Yainrexe",NA
"558",-54.945,-12.735,"permanent",0.675328850746155,185.351699829102,0,"Banff","confluence",0,1,31641.3262291927,195.339329623539,FALSE,24,1,TRUE,FALSE,5561,1150506.22987366,9250455.84273529,0.171248824157693,37.0136647395872,26,"Hothyoyae",NA
"559",-59.655,-0.935000000000016,"permanent",0.688655436038971,190.414688110352,0,"Banff","confluence",0,1,30643.9418582765,95.0734401671065,FALSE,9,1,TRUE,FALSE,5712,1121871.34344864,6819386.69729233,0.38467685482267,30.4070478707068,37,"Richinxi",NA
"560",-60.135,-16.295,"permanent",0.646683514118195,177.709182739258,0,"Banff","confluence",0,1,23293.4527567906,313.630840133485,FALSE,28,1,TRUE,FALSE,5331,884310.74653244,6008682.9900322,0.0771320701831872,40.7435319259168,26,"Ethufa",NA
"561",-34.315,16.785,"permanent",0.773848533630371,217.108764648438,0,"Banff","confluence",0,1,10456.1833822021,440.781135408142,FALSE,8,1,TRUE,FALSE,6513,917587.307357788,3202746.33687973,0.000723023576301814,36.9372668727411,36,"Hishise",NA
"562",-36.815,33.145,"permanent",0.464498281478882,136.033981323242,0,"Banff","score",1,0,8720.67978084498,4.28753422232099,TRUE,46,1,TRUE,FALSE,4081,437616.327842712,2834202.62864399,0.00290164968286763,21.9341395572833,3,"Feghia",NA
"563",-67.715,-10.045,"permanent",0.499031454324722,147.535263061523,0,"Banff","score",1,0,8873.97027588723,0.493601299528326,TRUE,46,1,TRUE,FALSE,4426,497141.466041565,4173886.50839996,0,46.1455680643817,25,"Maikinxeb",NA
"564",-70.475,-22.645,"permanent",0.382083803415298,111.836860656738,0,"Banff","score",1,0,6172.17489225122,10.2666008971937,TRUE,31,1,TRUE,FALSE,3355,325559.874950409,1890695.12269211,0.000733640662591121,32.7443083453503,24,"Xaexere",NA
"565",-25.965,22.075,"permanent",0.678459823131561,193.487991333008,0,"Banff","score",1,0,9147.61473514134,0.600514821005985,TRUE,22,1,TRUE,FALSE,5805,300593.351314545,2754306.74288559,0.00134978557024724,20.9907622157051,36,"Keichemih",NA
"566",-28.775,16.705,"permanent",0.73032534122467,205.497467041016,0,"Banff","score",1,0,11172.4678461332,0.489432466268116,TRUE,21,1,TRUE,FALSE,6165,756992.048391342,4296612.66679573,0.00113921335884265,22.02521937724,36,"Ulhiki",NA
"567",-41.765,25.495,"permanent",0.470434606075287,134.75129699707,0,"Banff","score",1,0,7395.5110940288,2.9725511923884,TRUE,35,1,TRUE,FALSE,4043,331108.523460388,1479425.567379,0.0730030853252757,21.0455034126412,35,"Rowaibaes",NA
"568",-55.625,9.49499999999999,"permanent",0.620337724685669,173.876998901367,0,"Banff","score",1,0,8099.12680904086,1.49179013982407,TRUE,25,1,TRUE,FALSE,5216,462589.445968628,2714987.51233673,0.000528806733538132,24.0449593062034,35,"Waeghovae",NA
"569",-70.675,-21.605,"permanent",0.365963220596313,109.11491394043,0,"Banff","score",1,0,4889.98984697971,2.32780484599462,TRUE,33,1,TRUE,FALSE,3273,281579.184619904,1546940.02549362,2.12341725786142e-06,31.7896550700231,24,"Ghaexah",NA
"570",-19.165,25.975,"permanent",0.50956004858017,149.025421142578,0,"Banff","score",1,0,10209.6462150905,0.593618306394201,TRUE,48,1,TRUE,FALSE,4471,526015.709465027,3381023.19867134,0.0039722058837061,22.4845609867734,36,"Ulesein",NA
"571",-68.975,-13.555,"permanent",0.484491527080536,145.095458984375,0,"Banff","score",1,0,12974.7945908696,4.38647212252172,TRUE,39,1,TRUE,FALSE,4353,592963.70627594,4301224.48756027,0.00553574879124473,46.8006257296378,24,"Kheduxae",NA
"572",-24.015,34.505,"permanent",0.584195554256439,161.112716674805,0,"Banff","score",1,0,28689.1821264598,0.440157719462072,TRUE,49,1,TRUE,FALSE,4833,1015028.74351501,6953726.61323023,0.483779215567197,23.7847690633072,36,"Feihikei",NA
"573",-41.485,17.055,"permanent",0.726126194000244,200.090698242188,0,"Banff","score",1,0,18074.9314320127,3.38552869665445,TRUE,34,1,TRUE,FALSE,6003,619067.455200195,3615779.74185944,0.318266626180178,21.7015703056164,35,"Soghohau",NA
"574",-40.845,10.705,"permanent",0.705971837043762,198.635345458984,0,"Banff","score",1,0,14789.6702237418,0.815738289755604,TRUE,32,1,TRUE,FALSE,5959,786897.441864014,5139758.79366684,0.00638139971418804,23.1584992761833,35,"Rovomei",NA
"575",-27.115,29.095,"permanent",0.531723201274872,152.66015625,0,"Banff","score",1,0,9518.62336792475,8.89983717065826,TRUE,39,1,TRUE,FALSE,4580,658201.099939346,3476656.04497337,0.00170705052388243,24.5501220148532,36,"Eshifei",NA
"576",-29.565,14.315,"permanent",0.774121165275574,212.525100708008,0,"Banff","score",1,0,16270.5845347844,0.610811145681189,TRUE,24,1,TRUE,FALSE,6376,845313.210388184,6117260.44649887,0.00557343944757177,24.7898191204613,36,"Ihpheighe",NA
"577",-44.255,13.205,"permanent",0.6323162317276,181.233703613281,0,"Banff","score",1,0,13303.0464147426,0.486004163585857,TRUE,31,1,TRUE,FALSE,5437,298190.192100525,2661192.68056297,0.282417149567145,24.8195940138562,35,"Hghovogho",NA
"578",-65.775,-7.245,"permanent",0.518511056900024,151.465667724609,0,"Banff","score",1,0,9585.09632862935,11.2436815669259,TRUE,45,1,TRUE,FALSE,4544,644887.682373047,5391666.55623627,0,34.4199589109328,25,"Xebxhagai",NA
"579",-23.765,22.055,"permanent",0.503607571125031,147.390045166016,0,"Banff","score",1,0,6739.71124578485,2.38965820196543,TRUE,24,1,TRUE,FALSE,4422,522237.586078644,2833359.22898293,1.59256294339607e-06,21.1543032007115,36,"Theihkiih",NA
"580",-52.265,7.43499999999999,"permanent",0.618995249271393,174.007446289062,0,"Banff","score",1,0,10015.5819482852,0.616221630046377,TRUE,26,1,TRUE,FALSE,5220,568411.905082703,3576103.3006134,0.00155654068634306,23.1687956150718,35,"Baessofae",NA
"581",-49.915,5.70499999999998,"permanent",0.61936616897583,177.925857543945,0,"Banff","score",1,0,11993.360789943,9.52269653293063,TRUE,27,1,TRUE,FALSE,5338,689147.996299744,2399197.90338898,0.389891790656539,24.7127256748392,35,"Roghaifae",NA
"582",-51.715,-15.775,"permanent",0.427328765392303,125.529403686523,0,"Banff","score",1,0,9718.53889562494,4.98294370084205,TRUE,31,1,TRUE,FALSE,3766,411526.540233612,2393667.12095261,0.00780462013126965,38.0505952769713,26,"Hradokhuy",NA
"583",-31.495,36.145,"permanent",0.595457315444946,177.591918945312,0,"Banff","score",1,0,17435.1898013301,0.430661921300702,TRUE,50,1,TRUE,FALSE,5328,555954.641105652,5312756.51447392,0.0242476555703959,25.0802538807513,36,"Seineinle",NA
"584",-70.475,-19.095,"permanent",0.35910364985466,107.791343688965,0,"Banff","score",1,0,11802.6567742997,6.14774711321168,TRUE,37,1,TRUE,FALSE,3234,346899.451725006,2417891.61144257,0.0541450166582084,32.9104365125167,24,"Tsuxaetse",NA
"585",-66.575,-34.655,"permanent",0.418314844369888,121.095458984375,0,"Banff","score",1,0,9542.0076311821,2.89870766490004,TRUE,38,1,TRUE,FALSE,3633,510806.456310272,3793068.93103981,0.00144445458966023,44.8544098708047,21,"Dauphochi",NA
"586",-60.565,-21.895,"permanent",0.401330024003983,118.109664916992,0,"Banff","score",1,0,5499.88192133948,4.74845849273133,TRUE,13,1,TRUE,FALSE,3543,266126.820842743,1878266.99232483,0,32.7547825675384,26,"Thufuyash",NA
"587",-56.275,8.09499999999998,"permanent",0.670386075973511,184.968933105469,0,"Banff","score",1,0,23108.2948571329,2.99807373705294,TRUE,25,1,TRUE,FALSE,5549,809427.04236412,4622673.99497604,0.38549596302989,23.6218161618899,35,"Lraumaevo",NA
"588",-60.795,-1.19500000000001,"permanent",0.539540946483612,161.81477355957,0,"Banff","score",1,0,6269.56247979264,0.500859660518342,TRUE,32,1,TRUE,FALSE,4854,483830.212911606,1940769.444067,0,28.0195544572306,37,"Utsixi",NA
"589",-64.345,-12.175,"permanent",0.67687976360321,181.044784545898,0,"Banff","score",0,1,27799.2739998505,433.233931058639,FALSE,34,1,TRUE,FALSE,5431,1093788.33511353,8085409.83921814,0.0650020490976538,64.3327931541551,25,"Nakmaibe",NA
"590",-30.015,28.955,"permanent",0.813414752483368,225.406326293945,0,"Banff","score",0,1,30671.4206127164,209.115414308237,FALSE,5,1,TRUE,FALSE,6762,883328.719963074,6471089.25800323,0.330751965753526,24.950700973713,36,"Hikeinle",NA
"591",-58.405,-11.595,"permanent",0.694963395595551,187.834350585938,0,"Banff","score",0,1,16534.8087058284,493.687123561622,FALSE,32,1,TRUE,FALSE,5635,1156681.74328613,6448852.83468628,0.00392722804542595,47.5513903930597,25,"Kauphmebe",NA
"592",-49.275,-3.05500000000001,"permanent",0.695029497146606,192.324966430664,0,"Banff","score",0,1,12171.0560013976,197.817325667465,FALSE,4,1,TRUE,FALSE,5770,1151077.86413956,8312163.60535812,0,23.5134665401288,38,"Aibambab",NA
"593",-61.255,-3.77500000000001,"permanent",0.687235236167908,188.058044433594,0,"Banff","score",0,1,13539.4061726384,76.7361593118984,FALSE,18,1,TRUE,FALSE,5642,1096789.59643555,5351205.90747452,0.00125458569651979,53.2212086053713,37,"Xinomthei",NA
"594",-59.425,-12.655,"permanent",0.687383592128754,185.463195800781,0,"Banff","score",0,1,19250.3847786994,595.548351133564,FALSE,33,1,TRUE,FALSE,5564,1130922.24856567,7831311.78874207,0.00625603076929044,51.3271887827281,25,"Mexhaphme",NA
"595",-35.145,15.955,"permanent",0.768077552318573,215.699600219727,0,"Banff","score",0,1,10107.2816994896,354.575391004968,FALSE,8,1,TRUE,FALSE,6471,1026551.20593262,4183252.93304825,7.69738755974765e-05,30.3154337558984,36,"Sekihi",NA
"596",-68.125,-17.125,"permanent",0.644940137863159,174.347152709961,0,"Banff","score",0,1,15657.6932549873,169.499904508459,FALSE,26,1,TRUE,FALSE,5230,984424.622650146,6194463.13319778,0.00548372506842712,34.0179515221575,24,"Futsuag",NA
"597",-54.495,-6.51500000000001,"permanent",0.722446501255035,196.963882446289,0,"Banff","score",0,1,23821.5877867229,286.506085512018,FALSE,17,1,TRUE,FALSE,5909,1173467.04246521,6678045.20541763,0.044359248225354,44.3637117060556,38,"Teitaumle",NA
"598",-62.815,-14.245,"permanent",0.652021527290344,178.015991210938,0,"Banff","score",0,1,28556.4740134702,541.702763195794,FALSE,34,1,TRUE,FALSE,5340,1088901.76080322,6514845.56036377,0.167550046393906,60.3195132824191,25,"Gaikinkau",NA
"599",-60.665,-3.19500000000001,"permanent",0.698710858821869,191.818267822266,0,"Banff","score",0,1,28755.7917433671,108.342793507673,FALSE,20,1,TRUE,FALSE,5755,1146075.70690918,6140015.54818344,0.190603241608785,52.8489993609185,37,"Rinutsxun",NA
"600",-45.825,6.64499999999998,"permanent",0.660024762153625,186.45231628418,0,"Banff","score",0,0,10793.9253122728,136.379564548883,FALSE,9,1,TRUE,FALSE,5594,1150940.43725204,6005178.21422195,0,30.0499342588345,35,"Faemeiwai",NA
"601",-42.025,23.905,"permanent",0.523078143596649,146.369506835938,0,"Banff","score",0,0,8689.12743775264,34.1611380653688,TRUE,34,1,TRUE,FALSE,4391,783785.835454941,3842250.24443054,0.000722492721987349,20.5817608536456,35,"Baesmaero",NA
"602",-62.865,-12.125,"permanent",0.518081724643707,153.935745239258,0,"Banff","score",0,0,11362.8937287694,537.795997031969,FALSE,32,1,TRUE,FALSE,4618,1015626.7934227,6831283.77696991,0,52.1619070929006,25,"Xebhikau",NA
"603",-48.025,4.32499999999999,"permanent",0.649258434772491,184.36897277832,0,"Banff","score",0,0,12396.3014397919,113.352010300599,FALSE,8,1,TRUE,FALSE,5531,993365.973987579,6742667.05999756,0.000722492721987349,22.6006428347262,35,"Rovaismei",NA
"604",-63.975,-14.705,"permanent",0.565040349960327,161.591262817383,0,"Banff","score",0,0,9847.48505102197,426.239076088942,FALSE,29,1,TRUE,FALSE,4848,866712.195850372,5099285.9726944,0,39.9899242500345,25,"Kaumekin",NA
"605",-51.065,5.255,"permanent",0.636926829814911,181.868362426758,0,"Banff","score",0,0,10564.8956876279,117.856308940066,FALSE,7,1,TRUE,FALSE,5456,688887.529964447,4746973.46533203,0.000722568558317986,22.0564561049992,35,"Ghaibobso",NA
"606",-59.265,-10.745,"permanent",0.540290594100952,159.694107055664,0,"Banff","score",0,0,24982.1486441064,597.385294704916,FALSE,27,1,TRUE,FALSE,4791,915976.577323914,6005071.54863739,0.169480548436209,41.5483300332587,25,"Kingaimai",NA
"607",-34.075,15.995,"permanent",0.710744023323059,205.230743408203,0,"Banff","score",0,0,14937.8864723301,434.807751148927,FALSE,9,1,TRUE,FALSE,6157,907124.37575531,4244593.61896515,0.00726102531325713,34.5989118673982,36,"Dungheihi",NA
"608",-59.925,-5.84500000000001,"permanent",0.612939953804016,174.46208190918,0,"Banff","score",0,0,27510.6458872855,361.412105027669,FALSE,27,1,TRUE,FALSE,5234,831454.718215942,5503337.99200439,0.377380085318905,52.4091580207769,37,"Sixitson",NA
"609",-57.045,-5.70500000000001,"permanent",0.602105677127838,174.973495483398,0,"Banff","score",0,0,25659.8870932498,564.912852989447,FALSE,24,1,TRUE,FALSE,5249,1084821.60617828,9557420.27045822,0.0449941499854546,35.3808421829305,37,"Uthotson",NA
"610",-26.475,33.585,"permanent",0.572526216506958,158.619873046875,0,"Banff","score",0,0,24834.8640098089,83.0107177132867,FALSE,4,1,TRUE,FALSE,4759,1143004.59090805,7149676.83909655,0.175169006318583,23.3882531458553,36,"Shiihkiir",NA
"611",-60.195,-6.29500000000002,"permanent",0.545635640621185,161.526428222656,0,"Banff","score",0,0,10927.5840234448,395.919071151968,FALSE,28,1,TRUE,FALSE,4846,829958.874034882,4015841.20985031,0.000902098431714793,56.0120565514404,37,"Theirithi",NA
"612",-40.375,13.045,"permanent",0.684032738208771,197.450424194336,0,"Banff","score",0,0,11789.4493324713,41.5423540838075,TRUE,27,1,TRUE,FALSE,5924,737758.034629822,5410355.50556374,0.000795042811630947,23.4665051249006,35,"Bobvaefae",NA
"613",67.445,38.885,"permanent",0.173715233802795,52.8441390991211,7,"Salmon","sacred",0,0,2296.8092508187,42.6039612777407,TRUE,27,1,TRUE,FALSE,1585,442625.073497772,496707.820183277,2.12341725786142e-06,35.9633432755364,39,"Danpeash",NA
"614",34.845,36.945,"permanent",0.175543457269669,54.1950836181641,7,"Salmon","sacred",0,0,4475.61724915115,77.8796825442177,FALSE,30,1,TRUE,FALSE,1626,435848.983181,1977146.87041473,0.000171996797886775,54.915213218101,40,"Vaeshxaib",NA
"615",10.515,50.385,"permanent",0.196142107248306,52.9878044128418,7,"Salmon","sacred",0,0,6090.11392920359,139.84530049464,FALSE,6,1,TRUE,FALSE,1590,483929.138500214,4260218.66352892,0.000722492721987349,29.850818044925,41,"Vonigan",NA
"616",65.445,45.975,"permanent",0.123083710670471,25.574369430542,7,"Salmon","sacred",1,0,3080.07509008399,0.592821833326812,TRUE,23,1,TRUE,FALSE,767,264971.077827454,2519759.60198641,7.3257895396219e-05,25.7090541888578,42,"Teimrepau",NA
"617",12.185,52.845,"permanent",0.195601731538773,52.6367263793945,9,"Salmon","sacred",0,0,4934.90533292017,96.8181166401897,FALSE,3,1,TRUE,FALSE,1579,537100.955055237,3751786.14281607,0,26.3936702493128,41,"Voganga",NA
"618",47.645,46.815,"permanent",0.617363393306732,185.403396606445,0,"Salmon","confluence",0,1,8517.09355642681,297.734307467248,FALSE,25,1,TRUE,FALSE,5562,604446.90442276,2905720.31870651,3.98140735849017e-05,44.9029980841652,43,"Sukhetu",NA
"619",15.705,44.325,"permanent",0.646498143672943,190.786331176758,0,"Salmon","confluence",0,1,18270.269245018,560.989754161612,FALSE,22,1,TRUE,FALSE,5724,1615929.41555786,10777179.6840286,0.00110488477984056,52.9595360306151,41,"Zeihogig",NA
"620",13.035,42.595,"permanent",0.650277078151703,190.978515625,0,"Salmon","confluence",0,1,21889.6329329912,477.055547359083,FALSE,21,1,TRUE,FALSE,5729,1589005.40583801,11416558.95327,0.00418844054113165,51.5436495886155,41,"Gavoveing",NA
"621",30.375,40.465,"permanent",0.614423036575317,188.172637939453,0,"Salmon","confluence",0,1,12836.549055837,151.914971049118,FALSE,33,1,TRUE,FALSE,5645,1434928.90748596,4673143.50701904,0.000743726894565963,77.4925658171791,44,"Fughhifih",NA
"622",17.675,43.365,"permanent",0.598523259162903,182.799209594727,0,"Salmon","confluence",0,1,18204.8380024892,534.455716927639,FALSE,28,1,TRUE,FALSE,5484,1509067.94390869,9114980.72831345,0.0022894229856278,56.3684982324147,41,"Hovogaum",NA
"623",10.095,39.245,"permanent",0.671949744224548,192.084213256836,0,"Salmon","confluence",0,1,25011.2751855868,143.515514843779,FALSE,36,1,TRUE,FALSE,5763,1526700.82099915,10066852.0064697,0.0140262326968036,60.2032745447262,41,"Gaumganga",NA
"624",52.335,39.015,"permanent",0.603626310825348,185.991744995117,0,"Salmon","confluence",0,1,14942.3660573628,331.370374199622,FALSE,29,1,TRUE,FALSE,5580,1403369.94870377,5126614.53211212,0.00231558651969788,75.6686498490555,39,"Waweipe",NA
"625",60.545,37.035,"permanent",0.603460311889648,185.762619018555,0,"Salmon","confluence",0,1,17517.3459474,107.088168825912,FALSE,22,1,TRUE,FALSE,5573,1113196.30114365,4949582.92650986,0.0135773068982041,49.2019689777015,39,"Danweiwe",NA
"626",7.72499999999998,48.905,"permanent",0.196511939167976,42.8375358581543,0,"Salmon","confluence",0,1,4966.4217351857,262.90287560439,FALSE,12,1,TRUE,FALSE,1285,401522.788951874,3581654.59585953,0.000342047129953844,34.2892509564925,41,"Honi",NA
"627",39.905,39.665,"permanent",0.643671810626984,217.586334228516,0,"Salmon","score",1,0,11443.154563467,0.410393130194027,TRUE,53,1,TRUE,FALSE,6528,458051.195962429,2921252.89984941,0.00144781666698518,54.6951942096026,45,"Tsanikhof",NA
"628",61.565,47.105,"permanent",0.227206543087959,57.1430053710938,0,"Salmon","score",1,0,5525.48397896659,6.95409657622315,TRUE,24,1,TRUE,FALSE,1714,508821.102085114,3163731.26028156,0.000721961867672883,28.5742078533671,42,"Auphtein",NA
"629",11.845,36.915,"permanent",0.661825597286224,195.840301513672,0,"Salmon","score",1,0,24241.1579053365,0.434923281312816,TRUE,38,1,TRUE,FALSE,5875,1366750.68204689,8717615.95947266,0.0148501185928539,67.3869791682721,41,"Tsavauhau",NA
"630",3.23499999999997,42.315,"permanent",0.516424536705017,165.379730224609,0,"Salmon","score",1,0,9972.46272004989,4.42839118163041,TRUE,24,1,TRUE,FALSE,4961,1034803.4428997,4339451.50893784,0.000155009459823884,48.9077715356455,41,"Nachganvo",NA
"631",61.965,37.255,"permanent",0.619777143001556,188.390731811523,0,"Salmon","score",1,0,15261.7793692381,3.02613690715093,TRUE,31,1,TRUE,FALSE,5652,989974.946809769,4939673.18072271,0.00505426392802465,47.1219914345931,39,"Danwamwe",NA
"632",37.805,35.845,"permanent",0.666868150234222,223.681076049805,0,"Salmon","score",1,0,10499.8278379391,0.428726734059683,TRUE,42,1,TRUE,FALSE,6710,426568.617569923,2802021.96562719,0.000721961867672883,50.5614365799121,40,"Theshipxe",NA
"633",66.705,34.095,"permanent",0.673045575618744,220.561508178711,0,"Salmon","score",1,0,7736.66021264692,0.575465030756313,TRUE,35,1,TRUE,FALSE,6617,219978.498639107,1576471.32092953,0.000726815392833709,32.088929426592,39,"Wedanrip",NA
"634",63.355,48.265,"permanent",0.209302634000778,54.9466781616211,0,"Salmon","score",1,0,5507.03210164205,4.72701959852847,TRUE,22,1,TRUE,FALSE,1648,491597.589967728,3412367.29729176,0.000721961867672883,25.406363018905,42,"Phonheath",NA
"635",56.915,41.915,"permanent",0.646588146686554,193.002990722656,0,"Salmon","score",1,0,11663.7446629589,4.22609113213799,TRUE,37,1,TRUE,FALSE,5790,516525.493838787,3842614.50453901,0.0014623266849139,41.0496770843642,39,"Theiwampe",NA
"636",61.325,40.005,"permanent",0.703913152217865,226.542984008789,0,"Salmon","score",1,0,10163.8419475367,0.390527079342953,TRUE,32,1,TRUE,FALSE,6796,235692.538249016,2033213.59969378,0.00355300792671662,38.0163445437648,39,"Sauripdan",NA
"637",64.155,36.685,"permanent",0.213966518640518,57.8291130065918,0,"Salmon","score",1,0,5749.63258867361,1.70573537574057,TRUE,32,1,TRUE,FALSE,1735,428494.71808815,2145345.83295631,0.00285493450319468,38.1027474630159,39,"Wedanthei",NA
"638",66.555,37.855,"permanent",0.663216292858124,220.003540039062,0,"Salmon","score",1,0,9007.33837079973,0.565242170082405,TRUE,34,1,TRUE,FALSE,6600,330396.955708027,2224844.25036287,0.000726208702188606,35.3636056600896,39,"Wasmawei",NA
"639",3.57499999999997,39.265,"permanent",0.599810481071472,198.788589477539,0,"Salmon","score",1,0,8508.69300783822,0.427351698740149,TRUE,27,1,TRUE,FALSE,5964,121942.033721924,2171987.74110079,0.000393893901333294,48.2000940068472,41,"Haugiggan",NA
"640",55.385,37.155,"permanent",0.205017074942589,57.1267776489258,0,"Salmon","score",1,0,4985.67372207786,6.24052115970338,TRUE,43,1,TRUE,FALSE,1714,427975.729453087,2328084.41215372,0.000495640978272487,41.3489685951289,39,"Smadegh",NA
"641",33.155,36.835,"permanent",0.64146476984024,214.59782409668,0,"Salmon","score",1,0,16085.1570917401,0.568146967002191,TRUE,40,1,TRUE,FALSE,6438,225626.245101929,4630504.92044258,0.00448890408311904,61.1839398336693,40,"Xevaeshsu",NA
"642",48.995,35.345,"permanent",0.637367069721222,210.916030883789,0,"Salmon","score",1,0,11290.7262330573,0.423802635471047,TRUE,56,1,TRUE,FALSE,6327,134620.965884209,2258640.06211758,0.00460321471216727,44.3800383539085,39,"Wamwedegh",NA
"643",38.305,51.505,"permanent",0.218264549970627,55.5677185058594,0,"Salmon","score",1,0,4097.22795412364,3.62155007445905,TRUE,22,1,TRUE,FALSE,1667,356783.580282688,2070513.85481977,1.69873380628914e-05,32.3436337221981,44,"Uffih",NA
"644",66.315,36.555,"permanent",0.69514924287796,228.744094848633,0,"Salmon","score",1,0,9592.09242000126,0.40430293478347,TRUE,33,1,TRUE,FALSE,6862,442756.207048416,2496558.29284668,0.00075434398085527,34.2433349356548,39,"Sauwawe",NA
"645",60.265,46.115,"permanent",0.209137141704559,44.9709663391113,0,"Salmon","score",1,0,4866.91106595808,3.22203377910579,TRUE,28,1,TRUE,FALSE,1349,402241.183549881,2490396.64428806,0.00141525760236464,30.8410350838639,42,"Renumgho",NA
"646",40.285,35.275,"permanent",0.596331834793091,183.980941772461,0,"Salmon","score",1,0,5037.06226274952,8.81880379711054,TRUE,53,1,TRUE,FALSE,5519,322794.405546188,1007631.98247051,0.0719052786029613,51.184555508043,40,"Naexaib",NA
"647",61.435,32.885,"permanent",0.690460383892059,225.082473754883,0,"Salmon","score",1,0,7943.16388650935,0.578517484447919,TRUE,45,1,TRUE,FALSE,6752,207189.607467651,1588980.23348951,0.00499718444983118,35.537842837779,39,"Wasmadegh",NA
"648",49.825,34.415,"permanent",0.213892310857773,57.5135612487793,0,"Salmon","score",1,0,3207.14235262401,2.13766548546559,TRUE,56,1,TRUE,FALSE,1725,200395.999598026,641567.447576523,0.0243821386633938,47.3686337239557,39,"Saupaun",NA
"649",67.985,39.855,"permanent",0.675252497196198,219.352737426758,0,"Salmon","score",1,0,6122.70379333511,0.384474749867506,TRUE,32,1,TRUE,FALSE,6581,193606.609855175,1224808.07840586,9.23686507169718e-05,29.3635171682686,39,"Smadeghwe",NA
"650",67.205,33.285,"permanent",0.207256212830544,56.2109413146973,0,"Salmon","score",1,0,1143.74008341771,2.0351977038549,TRUE,35,1,TRUE,FALSE,1686,198394.947690964,228796.162999153,2.12341725786142e-06,39.3685787251553,39,"Wesauydra",NA
"651",40.235,50.655,"permanent",0.584814131259918,196.235458374023,0,"Salmon","score",1,0,10312.3239672731,0.345970227370336,TRUE,24,1,TRUE,FALSE,5887,214729.028021812,3240593.44775105,0.00121247125423887,31.3110620826584,44,"Zagigla",NA
"652",2.36499999999998,41.465,"permanent",0.491843611001968,160.320373535156,0,"Salmon","score",1,0,13059.3821829477,5.4433368032712,TRUE,25,1,TRUE,FALSE,4810,839154.908790588,2612449.10813189,0.0175259782406356,50.7676226231419,41,"Nachvauvo",NA
"653",41.415,39.095,"permanent",0.706993460655212,232.278137207031,0,"Salmon","score",1,0,12665.4110307343,0.561607632626779,TRUE,52,1,TRUE,FALSE,6968,402203.698881149,2533637.53512335,0.0251561840531414,53.666769017537,45,"Achaefakh",NA
"654",36.535,34.815,"permanent",0.686739027500153,223.972381591797,0,"Salmon","score",1,0,4693.04187629218,0.433587271102794,TRUE,44,1,TRUE,FALSE,6719,146861.135370731,938812.761440277,4.35300537861591e-05,53.6309625972296,40,"Sunae",NA
"655",58.935,33.525,"permanent",0.69282990694046,226.04606628418,0,"Salmon","score",1,0,8034.45958927624,0.576924667263404,TRUE,48,1,TRUE,FALSE,6781,216293.672357559,1607243.39286947,0.00847048839304737,38.1217655737811,39,"Pedpethei",NA
"656",57.655,45.815,"permanent",0.208723738789558,55.8458938598633,0,"Salmon","score",1,0,6017.61776884568,4.26460173393956,TRUE,33,1,TRUE,FALSE,1675,472692.721746922,3844265.72465754,0.000722492721987349,31.5096163318815,42,"Upveiphon",NA
"657",64.695,40.645,"permanent",0.648829162120819,214.776931762695,0,"Salmon","score",1,0,10733.1340844412,0.383567502106765,TRUE,33,1,TRUE,FALSE,6443,260632.181444168,3037197.3777256,0.00142268956276715,33.3807579623399,39,"Watheiwei",NA
"658",35.165,35.665,"permanent",0.228772431612015,58.95654296875,0,"Salmon","score",1,0,3283.63137484361,0.443801827848438,TRUE,42,1,TRUE,FALSE,1769,294418.758283615,656868.619058609,0.0724446265864581,58.6893773826066,40,"Thexefub",NA
"659",43.255,37.985,"permanent",0.688791036605835,226.790603637695,0,"Salmon","score",1,0,9486.35227398089,0.564867346247658,TRUE,54,1,TRUE,FALSE,6804,231653.348056316,1897685.84196329,0.0452999220705866,50.9347162404393,45,"Offanchae",NA
"660",53.715,36.175,"permanent",0.58608204126358,182.768783569336,0,"Salmon","score",0,1,16148.2159486182,86.4186842222028,FALSE,24,1,TRUE,FALSE,5483,736300.858818054,4622100.20887804,0.0103293632508669,46.9277735250197,39,"Dansaudpe",NA
"661",36.315,43.385,"permanent",0.594189882278442,184.048629760742,0,"Salmon","score",0,1,11831.5884671172,495.78128129297,FALSE,32,1,TRUE,FALSE,5521,1081612.79632568,6040577.57624054,0,57.5406048094326,44,"Ghautgi",NA
"662",36.065,48.485,"permanent",0.615789294242859,184.443557739258,0,"Salmon","score",0,1,11915.5925287799,279.555134273589,FALSE,19,1,TRUE,FALSE,5533,490477.329460144,4021372.25194168,0.0019583215660627,38.0782014689674,44,"Kiiggi",NA
"663",19.455,44.545,"permanent",0.57039350271225,177.247268676758,0,"Salmon","score",0,1,14949.9472938478,496.154615705978,FALSE,28,1,TRUE,FALSE,5317,1363294.65821075,8309463.53898621,0.000762837649886716,47.5718854835235,41,"Zeigaumga",NA
"664",33.825,45.475,"permanent",0.593019604682922,181.857345581055,0,"Salmon","score",0,1,15092.6893992597,569.686108244118,FALSE,27,1,TRUE,FALSE,5456,969885.392307281,4360167.13461304,0.00482493486417562,72.5616696034769,44,"Ligheizag",NA
"665",54.375,39.965,"permanent",0.615623831748962,188.186370849609,0,"Salmon","score",0,1,19183.6146561293,232.48548342786,FALSE,30,1,TRUE,FALSE,5646,1178208.49808121,5422439.7045517,0.0166507764275203,55.5631047133305,39,"Saudanwa",NA
"666",30.925,41.545,"permanent",0.617458164691925,188.746566772461,0,"Salmon","score",0,1,21530.3739732263,268.505281245179,FALSE,29,1,TRUE,FALSE,5662,1474615.24201584,6097059.49808121,0.0200604536893313,72.1065042693967,44,"Fihlaheig",NA
"667",34.715,44.175,"permanent",0.596882164478302,184.068832397461,0,"Salmon","score",0,1,11033.6128071475,636.913385755256,FALSE,29,1,TRUE,FALSE,5522,1245628.95921326,3506516.23748779,0.000756821300989442,66.1653141536386,44,"Higiigesh",NA
"668",30.755,48.365,"permanent",0.619517683982849,185.120147705078,0,"Salmon","score",0,1,9781.73179780828,394.710023935541,FALSE,16,1,TRUE,FALSE,5554,589638.488986969,4447944.16145706,0,37.5256741639835,44,"Ufutkiesh",NA
"669",45.755,42.395,"permanent",0.603060364723206,185.780944824219,0,"Salmon","score",0,1,16837.7067359147,370.027002089033,FALSE,32,1,TRUE,FALSE,5573,1327722.74180984,4848646.95817184,0.00828557414017527,64.0430600220199,43,"Uysaengtu",NA
"670",45.375,43.345,"permanent",0.585516571998596,181.941253662109,0,"Salmon","score",0,1,12402.3324772795,394.717101683116,FALSE,33,1,TRUE,FALSE,5458,1075799.92144012,4030504.03029633,0.0016456483748426,59.5130155640156,43,"Tebautkhe",NA
"671",50.505,40.795,"permanent",0.631477355957031,191.410598754883,0,"Salmon","score",0,1,26379.4860637619,507.185941706371,FALSE,30,1,TRUE,FALSE,5742,1470291.52140045,8495627.49557495,0.0345554307458078,61.0349953210835,39,"Wamtheiwa",NA
"672",49.975,46.735,"permanent",0.604101717472076,182.774185180664,0,"Salmon","score",0,1,8809.63487415175,296.785777023895,FALSE,19,1,TRUE,FALSE,5483,535665.984657288,3431733.55340958,0,40.0217903979239,43,"Autvauysu",NA
"673",19.685,40.405,"permanent",0.586907088756561,182.18293762207,0,"Salmon","score",0,1,20047.0882554053,157.864428853561,FALSE,34,1,TRUE,FALSE,5465,1451894.91940308,9995654.0099144,0.00343978428507423,58.6301605369331,41,"Tsavauho",NA
"674",48.185,43.525,"permanent",0.596597373485565,183.791763305664,0,"Salmon","score",0,1,15628.9033141452,500.677748139753,FALSE,30,1,TRUE,FALSE,5514,1290937.65576553,6707443.19956207,0.00228108098925763,49.1868153913143,43,"Uyauyvush",NA
"675",52.255,39.965,"permanent",0.614112555980682,187.959732055664,0,"Salmon","score",0,1,18954.5669084153,379.492629814383,FALSE,32,1,TRUE,FALSE,5639,1438311.376091,3872353.91950989,0.0278786990813389,81.3070738072256,39,"Danpaunwe",NA
"676",8.00499999999998,43.665,"permanent",0.549557566642761,171.97509765625,0,"Salmon","score",0,0,18443.4625428128,139.794974177407,FALSE,21,1,TRUE,FALSE,5159,1328122.93338013,7614255.5845027,0.00731464159901813,45.1377238671082,41,"Ganniho",NA
"677",35.015,45.065,"permanent",0.554011642932892,174.768081665039,0,"Salmon","score",0,0,9328.70188174458,556.59854280757,FALSE,26,1,TRUE,FALSE,5243,791511.435626984,2411515.3778801,0.000735764079848983,71.5247598353373,44,"Fihutei",NA
"678",11.205,40.615,"permanent",0.567801892757416,176.808990478516,0,"Salmon","score",0,0,12193.7577822818,316.813068496336,FALSE,28,1,TRUE,FALSE,5304,1442551.31613159,6598880.1441803,2.22958812075449e-05,58.7783425341423,41,"Tsaganga",NA
"679",48.385,45.925,"permanent",0.555888056755066,174.103332519531,0,"Salmon","score",0,0,10060.5516127176,373.478657004262,FALSE,23,1,TRUE,FALSE,5223,740053.096035004,3516449.91565323,0.000692764880377289,43.6899828507956,43,"Vouyphau",NA
"680",32.465,42.365,"permanent",0.498989850282669,165.261795043945,0,"Salmon","score",0,0,12341.094111368,397.861799613497,FALSE,26,1,TRUE,FALSE,4958,1291395.40381241,5288969.16464233,0.000756467398113131,60.7265638538024,44,"Heiggiki",NA
"681",29.305,39.655,"permanent",0.538357317447662,173.248382568359,0,"Salmon","score",0,0,21700.0066394848,40.216448186072,TRUE,33,1,TRUE,FALSE,5197,1304167.97601128,6438986.24854088,0.0256131898186389,65.9936109056476,44,"Lighfihig",NA
"682",43.465,41.915,"permanent",0.532924652099609,172.032379150391,0,"Salmon","score",0,0,16681.846372128,206.131389832148,FALSE,34,1,TRUE,FALSE,5161,954718.835834503,5278081.96560669,0.00884456373330729,55.7110263386741,43,"Auythozuy",NA
"683",47.165,39.005,"permanent",0.579963564872742,181.55419921875,0,"Salmon","score",0,0,21959.1175507832,221.764919449072,FALSE,28,1,TRUE,FALSE,5447,1005843.37068558,5762210.00778961,0.0445041714532031,49.7652503966563,39,"Wadanwei",NA
"684",31.965,44.105,"permanent",0.608422458171844,186.008331298828,0,"Salmon","score",0,0,22271.2724268662,543.607505178825,FALSE,28,1,TRUE,FALSE,5580,1561458.97821045,7776650.95147324,0.0140136691446946,65.578068837781,44,"Kigiuf",NA
"685",29.805,44.985,"permanent",0.501818716526031,164.271362304688,0,"Salmon","score",0,0,10668.3030512311,548.352992852452,FALSE,23,1,TRUE,FALSE,4928,717957.834320068,5417411.11878586,0,55.0873482780882,44,"Eigiigor",NA
"686",56.815,39.165,"permanent",0.585449159145355,182.252716064453,0,"Salmon","score",0,0,19448.4721517553,54.5340390051002,FALSE,34,1,TRUE,FALSE,5468,1229604.35682297,6237828.1626544,0.0156177339315708,47.5179712593382,39,"Wampaunpe",NA
"687",28.205,41.585,"permanent",0.525395393371582,170.493453979492,0,"Salmon","score",0,0,11028.0306058964,240.013298270793,FALSE,30,1,TRUE,FALSE,5115,910471.582523346,5496567.54437256,0,59.1403396662912,44,"Lagikiuno",NA
"688",12.215,38.305,"permanent",0.479380697011948,160.56982421875,0,"Salmon","score",0,0,12291.8915288124,105.140856417756,FALSE,37,1,TRUE,FALSE,4817,1095274.35531616,5473480.33433914,0.000703381966666596,60.99293477456,41,"Zeihauho",NA
"689",56.065,43.385,"permanent",0.203519433736801,56.0381622314453,0,"Salmon","score",0,0,8014.34481870025,178.292904007198,FALSE,28,1,TRUE,FALSE,1681,465290.855548859,3113184.01715851,0.0113910718797976,39.3964520451006,39,"Sauripwa",NA
"690",11.165,41.415,"permanent",0.537516891956329,170.643585205078,0,"Salmon","score",0,0,12229.9613032412,384.072144285028,FALSE,24,1,TRUE,FALSE,5119,1233404.81086731,4564830.13807678,0.00126555668568541,56.078581087363,41,"Zeitshoni",NA
"691",54.065,38.405,"permanent",0.214132502675056,58.0685424804688,0,"Salmon","score",0,0,4802.07552158991,147.246149441586,FALSE,24,1,TRUE,FALSE,1742,516551.700325012,1679555.58265686,0.000961908017811224,50.6322363052053,39,"Pepaunsau",NA
"692",19.005,38.655,"permanent",0.544208288192749,174.130645751953,0,"Salmon","score",0,0,14065.9588495332,26.8540869786638,TRUE,32,1,TRUE,FALSE,5224,1038431.68157578,6751910.84941483,0.000809932011212856,59.3405888662945,41,"Zeivauga",NA
"693",6.25499999999998,17.335,"permanent",0.684020340442657,229.358581542969,7,"Tusque","sacred",0,0,24311.9626117873,31.2690199080131,TRUE,49,1,TRUE,FALSE,6881,1311748.43107605,7598578.16030121,0.0148448100497092,64.6700505744272,46,"Kochexeix",NA
"694",28.415,21.365,"permanent",0.291090726852417,92.2648162841797,7,"Tusque","sacred",0,0,9473.36707644696,1166.15683021605,FALSE,24,1,TRUE,FALSE,2768,630591.911964417,5151033.85998535,0.000722492721987349,64.8889528859284,47,"Aishingae",NA
"695",12.305,35.305,"permanent",0.491604000329971,165.21028137207,7,"Tusque","sacred",0,0,19831.7227298896,160.683897635327,FALSE,40,1,TRUE,FALSE,4956,1299241.40831757,10505662.4764633,0.00267550574490539,77.9195049065733,41,"Ganvovau",NA
"696",-9.99500000000002,39.425,"permanent",0.500201761722565,161.656280517578,7,"Tusque","sacred",0,0,10288.8572484103,120.142330469925,FALSE,9,1,TRUE,FALSE,4850,1281546.39651489,5230702.30682373,0,50.0196532197824,48,"Faupaxeig",NA
"697",-0.015000000000029,32.995,"permanent",0.467123329639435,158.814926147461,8,"Tusque","sacred",0,0,13410.7523290869,130.744649038044,FALSE,14,1,TRUE,FALSE,4764,947092.928894043,6881355.83296585,0.000933444115045134,48.8113090468013,41,"Hogaumvau",NA
"698",23.595,19.785,"permanent",0.278854042291641,90.3579177856445,9,"Tusque","sacred",0,0,8591.1646653609,1033.67746332852,FALSE,25,1,TRUE,FALSE,2711,619239.431053162,5832935.60136414,0,62.0865575397265,49,"Kaipaingo",NA
"699",36.985,15.705,"permanent",0.636852979660034,220.651718139648,9,"Tusque","sacred",0,0,16843.6746074643,216.94291191328,FALSE,31,1,TRUE,FALSE,6620,1479000.86161804,10050370.832489,0,80.2173570286113,47,"Aevinfai",NA
"700",23.205,9.13499999999999,"permanent",0.829092800617218,261.927612304688,0,"Tusque","confluence",0,1,38894.4260676037,309.840291018443,FALSE,61,1,TRUE,FALSE,7858,1574119.58015442,7780595.14079285,0.146071996585545,233.642790068675,50,"Auwumhu",NA
"701",34.095,22.605,"permanent",0.375754535198212,104.784950256348,0,"Tusque","confluence",0,1,16763.1996825492,682.672972461995,FALSE,30,1,TRUE,FALSE,3144,766926.191619873,4216087.92410278,0.0558649846370761,80.3272340740174,47,"Vinyeiyae",NA
"702",23.525,11.845,"permanent",0.80837607383728,258.188323974609,0,"Tusque","confluence",0,1,45156.9616649157,637.112632084838,FALSE,48,1,TRUE,FALSE,7746,1583760.18959045,10203472.2794495,0.133263189783249,157.746676222405,49,"Rukgokai",NA
"703",3.27499999999996,34.765,"permanent",0.77014034986496,246.545639038086,0,"Tusque","confluence",0,1,41859.8219726164,191.705272876978,FALSE,35,1,TRUE,FALSE,7396,1316165.66172028,8766006.32007599,0.254039159252153,88.8798101674574,41,"Zeiganhau",NA
"704",-11.475,40.155,"permanent",0.570334613323212,173.588638305664,0,"Tusque","confluence",0,1,13609.7823480638,70.0198602182404,FALSE,10,1,TRUE,FALSE,5208,1356898.90649414,6674393.40670776,0.000722492721987349,53.0868681712001,48,"Fneapgau",NA
"705",26.205,12.835,"permanent",0.80295193195343,256.322814941406,0,"Tusque","confluence",0,1,47986.7788623908,838.015321441316,FALSE,46,1,TRUE,FALSE,7690,1585580.99581909,11808680.42276,0.147844519141545,141.05401509636,49,"Rupainkgo",NA
"706",35.505,16.425,"permanent",0.804465413093567,257.465515136719,0,"Tusque","confluence",0,1,32190.9479500157,386.1977079242,FALSE,36,1,TRUE,FALSE,7724,1597862.89880371,6836264.5317688,0.0615185830861322,107.841806678545,47,"Eipeiyaiv",NA
"707",17.745,21.795,"permanent",0.786622047424316,253.501235961914,0,"Tusque","confluence",0,1,30918.8788646009,534.921082447541,FALSE,34,1,TRUE,FALSE,7605,772165.139686584,6185134.61750031,0.287652333701294,69.8190251020753,46,"Kotevae",NA
"708",28.405,10.255,"permanent",0.792038679122925,255.302795410156,0,"Tusque","confluence",0,1,20382.9200055023,749.029807532189,FALSE,61,1,TRUE,FALSE,7659,1576254.88386536,7860538.07673645,0.000857860572176017,145.080068211516,51,"Phillede",NA
"709",15.925,29.275,"permanent",0.802574098110199,256.396514892578,0,"Tusque","score",1,0,25164.8893987326,2.32291856701651,TRUE,60,1,TRUE,FALSE,7692,907816.59147644,5034083.43435669,0.0331882028195137,126.747521267415,41,"Tsazeiho",NA
"710",10.135,32.155,"permanent",0.672411501407623,226.13932800293,0,"Tusque","score",1,0,26383.1647257979,3.18600722044965,TRUE,56,1,TRUE,FALSE,6784,805199.686500549,5277792.12811279,0.248549175158566,71.4476802271019,41,"Ganhonach",NA
"711",26.835,-4.14500000000001,"permanent",0.827593088150024,264.122680664062,0,"Tusque","score",1,0,28572.9715661118,4.32319350438763,TRUE,154,1,TRUE,FALSE,7924,935243.334518433,8397132.70755005,0.014479582281357,97.9804024414349,28,"Fuvsegxa",NA
"712",-1.41500000000002,30.745,"permanent",0.623291850090027,209.273361206055,0,"Tusque","score",1,0,10674.9251710792,0.456225123892945,TRUE,58,1,TRUE,FALSE,6278,460592.741500854,2425939.47486115,0.00208094891270419,48.3165007715579,41,"Nihaugan",NA
"713",10.325,28.995,"permanent",0.615375578403473,208.063735961914,0,"Tusque","score",1,0,4666.43281164864,1.76249729200313,TRUE,54,1,TRUE,FALSE,6242,279488.594161987,933489.777183533,0.00242281909121988,66.8964847100066,41,"Vauzeini",NA
"714",1.39499999999998,31.765,"permanent",0.629028797149658,210.727325439453,0,"Tusque","score",1,0,11547.6647589729,0.453168824220665,TRUE,56,1,TRUE,FALSE,6322,305921.799926758,2420526.3993988,0.00341986966464871,53.2678544918871,41,"Vohovau",NA
"715",1.68499999999997,9.05499999999999,"permanent",0.803525745868683,251.131103515625,0,"Tusque","score",1,0,20398.0268175253,1.49176270812968,TRUE,60,1,TRUE,FALSE,7534,747390.231948853,4080501.08135986,0.0377724078914679,123.299162696394,52,"Tsaiwotso",NA
"716",32.635,37.445,"permanent",0.523782730102539,172.390167236328,0,"Tusque","score",1,0,12765.9354562767,9.62615034628318,TRUE,38,1,TRUE,FALSE,5172,911776.238288879,4100396.15050125,0.00222693384918217,63.6936154151156,40,"Sulaiflu",NA
"717",6.58499999999997,26.045,"permanent",0.649335920810699,220.231536865234,0,"Tusque","score",1,0,10566.4333250767,1.40644079899975,TRUE,50,1,TRUE,FALSE,6607,455933.685874939,2113749.597229,0.0052496183157479,53.5596844967536,41,"Ganvauzei",NA
"718",29.135,38.105,"permanent",0.51473069190979,170.450012207031,0,"Tusque","score",1,0,12834.7762861956,8.45985807241685,TRUE,29,1,TRUE,FALSE,5114,1064030.44104767,7326594.37010193,0.000106170862893071,58.4826156503744,44,"Ghaufut",NA
"719",-3.89500000000002,33.375,"permanent",0.633610606193542,211.492950439453,0,"Tusque","score",1,0,24994.0979115642,1.47467553500153,TRUE,64,1,TRUE,FALSE,6345,788976.132293701,5669254.78418732,0.0866258687430856,41.3956524893815,41,"Vogagig",NA
"720",17.885,5.99499999999999,"permanent",0.657444179058075,223.528564453125,0,"Tusque","score",1,0,24352.4804296889,5.41006858318568,TRUE,80,1,TRUE,FALSE,6706,819458.127761841,7715096.01477051,0.0123811151762755,80.5697232094146,50,"Hunihaini",NA
"721",20.125,30.375,"permanent",0.809378206729889,257.520782470703,0,"Tusque","score",1,0,17055.7160200678,9.71288601901048,TRUE,55,1,TRUE,FALSE,7726,1217177.21911621,6659792.55450821,6.37025177358426e-06,187.195723172905,41,"Zeitsnivo",NA
"722",16.735,-4.44500000000001,"permanent",0.640816748142242,218.083145141602,0,"Tusque","score",1,0,9213.42423997887,3.50111500582414,TRUE,80,1,TRUE,FALSE,6542,615698.248352051,1843088.22090149,0.00354823023788644,64.3821662312024,33,"Auskankaz",NA
"723",41.225,16.245,"permanent",0.679332077503204,229.038513183594,0,"Tusque","score",1,0,26440.9996633421,7.28611266457866,TRUE,89,1,TRUE,FALSE,6871,886549.04246521,5543576.68238831,0.0646283276602702,68.8690950319119,47,"Aipainfai",NA
"724",39.835,15.395,"permanent",0.668958067893982,226.513687133789,0,"Tusque","score",1,0,25625.0026314708,7.31446106402614,TRUE,91,1,TRUE,FALSE,6795,852220.643310547,6201544.63952637,0.03575799271951,74.3918827784097,47,"Aefinei",NA
"725",-0.465000000000018,20.725,"permanent",0.68613588809967,227.668502807617,0,"Tusque","score",1,0,8710.27497281886,4.32735786513885,TRUE,53,1,TRUE,FALSE,6830,590191.506355286,2563029.5841217,0,43.1512805283202,46,"Waukkowoi",NA
"726",1.23499999999997,20.715,"permanent",0.656333446502686,222.268661499023,0,"Tusque","score",1,0,9140.58034700313,0.60264452514099,TRUE,50,1,TRUE,FALSE,6668,517130.85319519,2768461.81183624,0,51.972398659899,46,"Veikochot",NA
"727",19.985,5.12499999999999,"permanent",0.634311676025391,217.954772949219,0,"Tusque","score",1,0,14539.4964370651,3.08640489990171,TRUE,92,1,TRUE,FALSE,6539,709371.959259033,2908537.11341858,0.0131827051911182,105.755622867712,50,"Aupauwing",NA
"728",14.135,8.25499999999998,"permanent",0.646201133728027,218.873428344727,0,"Tusque","score",1,0,16995.2554654193,0.78501542797237,TRUE,73,1,TRUE,FALSE,6566,756045.428237915,3411743.83482361,0.0106903441847033,88.6719155032104,46,"Eixyauwko",NA
"729",18.705,-4.57500000000002,"permanent",0.695955336093903,232.948013305664,0,"Tusque","score",1,0,10537.0927529514,3.13147424808247,TRUE,91,1,TRUE,FALSE,6988,913186.353469849,2439729.33914185,0.000601988792603713,74.7906517544537,33,"Auskokhaz",NA
"730",20.885,-0.0550000000000068,"permanent",0.65950882434845,221.268966674805,0,"Tusque","score",1,0,14253.219396011,3.1176157084777,TRUE,94,1,TRUE,FALSE,6638,936424.464767456,6491321.28797913,7.11344781383576e-05,82.7989663929784,33,"Zokanznau",NA
"731",23.905,-1.355,"permanent",0.675811171531677,227.865447998047,0,"Tusque","score",1,0,15755.7484601185,6.09042016231649,TRUE,103,1,TRUE,FALSE,6836,931545.384384155,5498439.01411438,0.000865292532578531,100.118820761811,33,"Sauzsiod",NA
"732",3.42499999999997,17.905,"permanent",0.66491287946701,222.595001220703,0,"Tusque","score",1,0,23287.5891776284,0.485965425856993,TRUE,56,1,TRUE,FALSE,6678,657092.425384521,5414919.24008942,0.0379773176568515,56.6504865619625,46,"Izchotvei",NA
"733",13.575,25.115,"permanent",0.786216378211975,250.68537902832,0,"Tusque","score",1,0,29012.3419271017,1.50413881975166,TRUE,54,1,TRUE,FALSE,7521,754505.686935425,5803743.30445862,0.287488400833229,61.7095677290243,41,"Tsagigni",NA
"734",21.735,5.75499999999998,"permanent",0.68641471862793,230.557800292969,0,"Tusque","score",1,0,22671.1050989602,10.2259654757904,TRUE,87,1,TRUE,FALSE,6917,918413.227554321,5191811.54373169,0.0156186186887616,114.802118893623,50,"Nauwiwumi",NA
"735",2.27499999999998,21.255,"permanent",0.787497997283936,251.383483886719,0,"Tusque","score",1,0,25874.0294024304,3.34567527025209,TRUE,50,1,TRUE,FALSE,7542,963804.365844727,5175942.65135956,0.0784108982267342,49.6680222794521,46,"Veichotov",NA
"736",7.62499999999999,11.305,"permanent",0.670080840587616,225.928787231445,0,"Tusque","score",1,0,23135.3119804274,1.8408325345926,TRUE,63,1,TRUE,FALSE,6778,998814.033905029,7659161.1461792,0.00943221945942043,72.7163702589741,46,"Ovchexwoi",NA
"737",14.475,37.705,"permanent",0.549091756343842,176.69221496582,0,"Tusque","score",1,0,13106.8056650459,4.10747035192778,TRUE,38,1,TRUE,FALSE,5301,781918.122459412,3681349.36917114,0.00362785838505624,63.1880702595407,41,"Giggazei",NA
"738",20.935,-3.64500000000001,"permanent",0.676304936408997,223.722274780273,0,"Tusque","score",1,0,17931.3474845158,1.50137764167852,TRUE,99,1,TRUE,FALSE,6712,693962.931381226,4536007.12893677,0.0070454984615842,79.4033590013853,33,"Daulozsau",NA
"739",20.515,6.58499999999999,"permanent",0.720973372459412,239.321701049805,0,"Tusque","score",1,0,23345.6427722148,3.45585636065096,TRUE,84,1,TRUE,FALSE,7180,1340537.85519409,6672529.54124451,0.00860497148604524,107.080971612715,50,"Aupauhui",NA
"740",-7.12500000000003,36.055,"permanent",0.687451124191284,224.219055175781,0,"Tusque","score",1,0,29221.2271217079,2.11495701220022,TRUE,70,1,TRUE,FALSE,6727,1020922.29239655,5845529.53848267,0.485744438239347,42.6524760260838,41,"Vozeiho",NA
"741",4.43499999999999,16.305,"permanent",0.692128360271454,229.71955871582,0,"Tusque","score",1,0,16729.2706654122,3.41977853206388,TRUE,58,1,TRUE,FALSE,6892,962559.016098022,5977453.56495667,0.00225878510805009,56.5614273004163,46,"Ovizchot",NA
"742",5.25499999999998,31.675,"permanent",0.612263858318329,212.029647827148,0,"Tusque","score",1,0,17539.4785461156,5.84325245241994,TRUE,59,1,TRUE,FALSE,6361,762779.535171509,4695308.03855133,0.00923686507169718,56.1992128154611,41,"Honachgan",NA
"743",12.055,29.145,"permanent",0.591476023197174,207.618988037109,0,"Tusque","score",1,0,13376.1883646509,0.46011877644389,TRUE,51,1,TRUE,FALSE,6229,412770.882972717,2675824.29024506,0.247284503230072,67.7742892106312,41,"Gangatsa",NA
"744",20.145,4.14499999999998,"permanent",0.65846973657608,221.025085449219,0,"Tusque","score",1,0,14750.5175031536,0.500392294414835,TRUE,88,1,TRUE,FALSE,6631,900727.056427002,4591017.62762451,0.00110806990572735,99.6856270621573,50,"Paunihwum",NA
"745",15.885,37.275,"permanent",0.50715845823288,168.42236328125,0,"Tusque","score",1,0,10324.163811655,3.96798089132085,TRUE,35,1,TRUE,FALSE,5053,727741.197727203,4705774.06674767,6.37025177358426e-06,60.5757207762485,41,"Tsahauni",NA
"746",29.625,-3.00500000000001,"permanent",0.630808532238007,219.581588745117,0,"Tusque","score",1,0,21886.7499301284,4.49649780084809,TRUE,166,1,TRUE,FALSE,6587,685980.385879517,4378311.23730469,0.0616863330495033,123.291427522707,28,"Sugvuraem",NA
"747",32.065,33.105,"permanent",0.540364742279053,172.39485168457,0,"Tusque","score",1,0,21072.4251892912,1.32616134034643,TRUE,51,1,TRUE,FALSE,5172,512152.391664505,4335119.90710402,0.0764985840345918,58.0757110151241,53,"Exauzaing",NA
"748",38.105,7.15499999999999,"permanent",0.702148020267487,235.497375488281,0,"Tusque","score",1,0,15967.3737358651,3.48379976643558,TRUE,140,1,TRUE,FALSE,7065,743410.665008545,3194175.42817688,0.13118082525904,97.3678520712237,34,"Saumuw",NA
"749",43.535,28.705,"permanent",0.488667219877243,165.398574829102,0,"Tusque","score",1,0,17698.1419563489,6.74687809294434,TRUE,48,1,TRUE,FALSE,4962,673443.044769287,6120563.54801941,0.0124214601041749,44.0376662598323,39,"Sauwethei",NA
"750",0.085,30.125,"permanent",0.65467369556427,220.544494628906,0,"Tusque","score",1,0,14316.6928510398,5.07225278975787,TRUE,55,1,TRUE,FALSE,6616,690666.936233521,2863966.58842468,0.0829587271387589,49.6171306546968,41,"Nachhauvo",NA
"751",13.935,5.07499999999999,"permanent",0.667005002498627,224.599975585938,0,"Tusque","score",1,0,6714.59773080887,5.73933116077015,TRUE,68,1,TRUE,FALSE,6738,654098.571014404,1343212.92100525,0.00727907435994895,71.4996930170485,46,"Veiwoiz",NA
"752",19.475,-0.285000000000011,"permanent",0.678125023841858,223.702529907227,0,"Tusque","score",1,0,16402.1209017869,0.618221350794047,TRUE,88,1,TRUE,FALSE,6711,702945.916809082,3725850.44664001,0.00686447714035151,77.3829516450478,33,"Kanauskaz",NA
"753",38.855,11.195,"permanent",0.728542029857635,238.742874145508,0,"Tusque","score",1,0,13937.813596184,4.43787614895022,TRUE,125,1,TRUE,FALSE,7162,795280.196578979,2952659.09236145,0.0027381465540123,92.0223096855745,34,"Meiyauw",NA
"754",18.035,-5.50500000000001,"permanent",0.701626539230347,232.441802978516,0,"Tusque","score",1,0,11528.433907938,2.39994926497544,TRUE,86,1,TRUE,FALSE,6973,885620.671615601,2306192.06095886,0.0174778474494574,69.6518001598558,33,"Ausikzsi",NA
"755",45.285,30.295,"permanent",0.523893475532532,168.205841064453,0,"Tusque","score",1,0,9595.56083760921,1.75380709554348,TRUE,48,1,TRUE,FALSE,5046,441031.168708801,1919532.36203766,0.00987495195768454,42.7982202121429,39,"Deghwepe",NA
"756",19.385,37.555,"permanent",0.526865899562836,172.549240112305,0,"Tusque","score",1,0,16193.7260405783,5.09440104316734,TRUE,34,1,TRUE,FALSE,5176,410431.821453094,5288021.98984146,0.00666859189831379,58.5523278842068,41,"Tsazeiga",NA
"757",18.345,1.49499999999999,"permanent",0.665273129940033,223.084945678711,0,"Tusque","score",1,0,16872.2180856315,0.501017098604014,TRUE,81,1,TRUE,FALSE,6693,645018.890350342,4243288.75663757,0.00580860790887992,76.4765740290665,50,"Ainaupau",NA
"758",33.675,5.51499999999999,"permanent",0.784494042396545,248.022567749023,0,"Tusque","score",1,0,25734.7903833672,3.46955831687464,TRUE,138,1,TRUE,FALSE,7441,1000390.56402588,7811527.47268677,0.00954476057408709,106.693548897052,51,"Zodamauno",NA
"759",30.405,37.855,"permanent",0.501167118549347,167.777313232422,0,"Tusque","score",1,0,19274.9591732516,8.4771206779452,TRUE,36,1,TRUE,FALSE,5033,906466.339134216,4569878.4104538,0.0359590095532542,62.2939763665867,40,"Xenankai",NA
"760",-12.365,39.525,"permanent",0.526695728302002,165.595718383789,0,"Tusque","score",1,0,15566.9308574928,2.25082344460813,TRUE,62,1,TRUE,FALSE,4968,1078574.54368591,3114069.22505188,0.482352279169914,44.0130111511876,48,"Tsaethnea",NA
"761",21.265,4.505,"permanent",0.756205856800079,247.065292358398,0,"Tusque","score",1,0,18366.7127479759,0.500109765103281,TRUE,85,1,TRUE,FALSE,7412,1377706.76087952,5967265.23834229,0.00177942366208787,104.98147346328,50,"Wumpautau",NA
"762",14.455,28.505,"permanent",0.667990446090698,219.436187744141,0,"Tusque","score",1,0,14583.2114769695,1.47127175705655,TRUE,52,1,TRUE,FALSE,6583,345608.059501648,2917282.04573059,0.0371587403039459,72.8455541839766,41,"Gazeihau",NA
"763",1.82499999999997,24.105,"permanent",0.267780303955078,87.3048553466797,0,"Tusque","score",1,0,13295.3752030634,3.7570138867491,TRUE,51,1,TRUE,FALSE,2619,442841.696464539,3134323.66093445,0.0832400799254256,44.3398717151772,46,"Tewaukeix",NA
"764",18.475,31.205,"permanent",0.79124116897583,253.428909301758,0,"Tusque","score",1,0,19801.2288288891,0.452843865564212,TRUE,58,1,TRUE,FALSE,7603,1196945.27653503,5181719.73088455,0.00183938492084557,238.806035249693,41,"Tsahoga",NA
"765",16.155,32.585,"permanent",0.698691070079803,232.786148071289,0,"Tusque","score",1,0,25545.8065433703,16.5029229120593,TRUE,57,1,TRUE,FALSE,6984,1460297.21859741,6261037.14938354,0.0107625403714706,210.96062667838,41,"Nachhogan",NA
"766",-16.395,42.485,"permanent",0.414115965366364,141.695266723633,0,"Tusque","score",1,0,16705.0709588119,4.25587986750998,TRUE,59,1,TRUE,FALSE,4251,659518.729379654,3341747.34611511,0.484373772399398,29.1302837938253,48,"Faupxagha",NA
"767",20.335,38.195,"permanent",0.303378254175186,92.9824829101562,0,"Tusque","score",1,0,9168.38533834805,6.20780549228191,TRUE,34,1,TRUE,FALSE,2789,571829.433952332,3119187.34980392,0.00384391609104364,58.4780148204269,41,"Gangighau",NA
"768",38.455,10.075,"permanent",0.727991342544556,238.38720703125,0,"Tusque","score",1,0,16153.7584523533,2.59211657931687,TRUE,124,1,TRUE,FALSE,7152,820676.953567505,4772325.57827759,0.00181127492095579,91.4956634899186,34,"Komathwo",NA
"769",22.255,-1.245,"permanent",0.642505347728729,218.636642456055,0,"Tusque","score",1,0,13569.3814678489,5.55838674895901,TRUE,99,1,TRUE,FALSE,6559,583842.461135864,2903089.81864929,0.00306161378295986,95.1695821212203,33,"Zsisaulau",NA
"770",31.405,-0.495000000000005,"permanent",0.676702439785004,230.109909057617,0,"Tusque","score",1,0,15957.6083664187,2.50546685066086,TRUE,171,1,TRUE,FALSE,6903,698729.951934814,4548372.04566956,0.00105480752284266,160.485785647928,28,"Xagaexhav",NA
"771",18.635,2.94499999999999,"permanent",0.661401510238647,225.236770629883,0,"Tusque","score",1,0,18318.053975676,4.50622410640938,TRUE,82,1,TRUE,FALSE,6757,1014252.9445343,4698143.46809387,0.0072516468870349,79.2663808990756,50,"Aupaukhai",NA
"772",23.075,-1.84500000000001,"permanent",0.640322864055634,220.579330444336,0,"Tusque","score",1,0,12443.2525760128,4.58950231198426,TRUE,102,1,TRUE,FALSE,6617,981950.341812134,2489196.06478882,0.0139211235425395,99.1572486897697,33,"Aklauzo",NA
"773",6.37499999999999,18.265,"permanent",0.638300180435181,213.466857910156,0,"Tusque","score",1,0,22164.6044383028,0.485284952544582,TRUE,57,1,TRUE,FALSE,6404,735858.020843506,4517518.81607056,0.0422867929816813,69.316608064869,46,"Veiwoovoi",NA
"774",18.275,28.875,"permanent",0.701522648334503,233.969635009766,0,"Tusque","score",1,0,16662.514058031,2.78537360490746,TRUE,55,1,TRUE,FALSE,7019,637664.045066833,5084651.45195389,0.00134965917636282,124.909838889675,41,"Zeichvoga",NA
"775",11.285,30.995,"permanent",0.658482074737549,222.432601928711,0,"Tusque","score",1,0,15895.5479235393,7.58180288534396,TRUE,57,1,TRUE,FALSE,6673,734992.896408081,4344365.91833496,0.00342188691104368,77.4904410259062,41,"Vogazeits",NA
"776",13.885,6.20499999999998,"permanent",0.682518064975739,230.105529785156,0,"Tusque","score",1,0,20186.7458465209,0.616835597469239,TRUE,64,1,TRUE,FALSE,6903,1270412.12026978,4981724.88368225,0.0117483368334328,77.1726933293087,46,"Vaekoov",NA
"777",-6.46500000000002,35.295,"permanent",0.667098462581635,218.960556030273,0,"Tusque","score",1,0,10555.3129131388,3.09021121687147,TRUE,63,1,TRUE,FALSE,6569,785498.534927368,3565169.96713638,0.000322228568880471,42.6106703387381,41,"Gigganga",NA
"778",14.805,8.97499999999999,"permanent",0.682598531246185,229.1806640625,0,"Tusque","score",1,0,14910.3397214208,3.91689242811568,TRUE,71,1,TRUE,FALSE,6875,810238.090606689,5202255.32647705,0.000721961867672883,88.7485385647468,46,"Yauwwauko",NA
"779",-14.615,10.665,"permanent",0.618140459060669,206.399337768555,0,"Tusque","score",1,0,7938.19948138458,0.614115754656727,TRUE,37,1,TRUE,FALSE,6192,551707.374511719,1893668.22067261,0.000722492721987349,28.3782597403461,52,"Wotshoko",NA
"780",23.575,-4.02500000000001,"permanent",0.680087029933929,228.546356201172,0,"Tusque","score",1,0,21269.4023306818,5.42335989811385,TRUE,121,1,TRUE,FALSE,6856,807594.45980835,4984818.47532654,0.0153579186628053,86.8671739146036,33,"Odkanoh",NA
"781",7.33499999999997,23.495,"permanent",0.632688462734222,215.390548706055,0,"Tusque","score",1,0,15541.5022292158,2.3222132814077,TRUE,48,1,TRUE,FALSE,6462,514419.526031494,4831852.23187256,0.00352699606530782,52.5119182118162,41,"Nivauzei",NA
"782",16.635,0.805,"permanent",0.652009189128876,222.723999023438,0,"Tusque","score",1,0,16758.2756687716,7.00092330263598,TRUE,73,1,TRUE,FALSE,6682,935324.834014893,4315900.58483887,0.00621630402238931,65.6227769957381,50,"Aunauwhu",NA
"783",14.555,30.675,"permanent",0.698486804962158,232.860000610352,0,"Tusque","score",1,0,19000.7841208584,4.08601786992373,TRUE,58,1,TRUE,FALSE,6986,1031390.49303436,4932066.4257431,0.00451650850747124,124.176599022791,41,"Nachgigni",NA
"784",24.285,9.01499999999999,"permanent",0.800326228141785,256.922088623047,0,"Tusque","score",0,1,19890.7471283911,348.183478689515,FALSE,56,1,TRUE,FALSE,7708,1566462.32748413,9249531.76182556,0,204.073536072126,50,"Augaihnau",NA
"785",28.155,23.845,"permanent",0.813125133514404,259.543548583984,0,"Tusque","score",0,1,16069.9060147921,910.99318266086,FALSE,31,1,TRUE,FALSE,7786,989910.240135193,5931686.29547119,0.000722492721987349,69.4171284845036,47,"Aevaenaem",NA
"786",36.425,17.075,"permanent",0.773034393787384,250.974609375,0,"Tusque","score",0,1,33194.0603053733,382.980896081027,FALSE,33,1,TRUE,FALSE,7529,1571014.09336853,9118416.75654602,0.0374721213009187,99.0538821183426,47,"Eifainaem",NA
"787",14.225,16.615,"permanent",0.746750891208649,243.531723022461,0,"Tusque","score",0,1,40000.8892364507,150.310612914149,FALSE,43,1,TRUE,FALSE,7306,1544845.82344055,11140829.2080383,0.0490902218758693,164.246771937015,46,"Vaewoxich",NA
"788",7.78499999999998,12.905,"permanent",0.744096517562866,242.958786010742,0,"Tusque","score",0,1,33714.4524355037,97.4168626919637,FALSE,30,1,TRUE,FALSE,7289,1507501.5914917,11562923.0132904,0.0279489488022863,77.6236683009341,46,"Chexwoovi",NA
"789",21.985,13.005,"permanent",0.79088693857193,254.581527709961,0,"Tusque","score",0,1,38273.598921508,678.546400758322,FALSE,44,1,TRUE,FALSE,7637,1544185.58059692,7906378.11775208,0.128249624686,116.482773088381,49,"Reirukai",NA
"790",15.015,17.795,"permanent",0.772304892539978,248.511596679688,0,"Tusque","score",0,1,23168.2527805459,215.262591775568,FALSE,40,1,TRUE,FALSE,7455,1572526.48939514,10524196.4305267,0.000928540032330545,147.765004759476,46,"Eixwaukov",NA
"791",42.105,23.515,"permanent",0.780094563961029,252.78987121582,0,"Tusque","score",0,1,19976.2585640474,44.097851542602,TRUE,76,1,TRUE,FALSE,7584,872790.292129517,5250820.70998383,0.0109037476191184,49.8620437554785,47,"Aipainfin",NA
"792",2.16499999999998,33.895,"permanent",0.775394678115845,247.71257019043,0,"Tusque","score",0,1,22052.2471859593,90.6407776378588,FALSE,29,1,TRUE,FALSE,7431,1227672.97929382,7600349.8033371,0.00420230847812764,86.0790825189062,41,"Hotsaga",NA
"793",29.105,0.454999999999984,"permanent",0.760895431041718,248.528182983398,0,"Tusque","score",0,1,23510.5823079259,158.717269888034,FALSE,57,1,TRUE,FALSE,7456,1550931.42396545,8947732.93711853,0.00243237446888026,130.17591397128,28,"Gesegsug",NA
"794",29.905,2.20499999999998,"permanent",0.772537469863892,251.109237670898,0,"Tusque","score",0,1,32742.8320262283,336.109836365781,FALSE,56,1,TRUE,FALSE,7533,1514345.41957092,6550005.54003906,0.0709187743352459,157.908689162116,28,"Segyauvxa",NA
"795",8.14499999999997,18.055,"permanent",0.749326229095459,244.186401367188,0,"Tusque","score",0,1,19627.3613469402,38.7213089796769,TRUE,56,1,TRUE,FALSE,7326,1338233.99055481,9008977.9258728,0.00125706301665396,65.231889816957,46,"Xicheixiz",NA
"796",34.985,21.615,"permanent",0.803679764270782,258.039978027344,0,"Tusque","score",0,1,18601.2637714812,551.508366054267,FALSE,32,1,TRUE,FALSE,7741,1165911.24568176,8043518.18460846,0.000722492721987349,77.9199653305007,47,"Painvinae",NA
"797",26.135,14.465,"permanent",0.78776741027832,254.239517211914,0,"Tusque","score",0,1,19946.3245763141,1013.14056006036,FALSE,44,1,TRUE,FALSE,7627,1585864.56500244,8196631.85011292,0.000722492721987349,124.22800564508,49,"Rupoghrei",NA
"798",32.605,16.295,"permanent",0.763802766799927,249.111770629883,0,"Tusque","score",0,1,27488.0352722281,611.590228556244,FALSE,33,1,TRUE,FALSE,7473,1596637.80661011,9788730.14528656,0.0100543807159738,79.5007674303901,47,"Aiyeiyvin",NA
"799",27.315,2.65499999999999,"permanent",0.760512113571167,248.635528564453,0,"Tusque","score",0,1,31129.0155450881,473.36788906946,FALSE,45,1,TRUE,FALSE,7459,1501744.03178406,8989831.47929382,0.0225448518810292,112.339528184917,33,"Dauhazod",NA
"800",28.905,23.315,"permanent",0.380477637052536,105.349342346191,0,"Tusque","score",0,1,14463.153986677,961.328148747078,FALSE,31,1,TRUE,FALSE,3160,745251.102073669,2932561.80614471,0.0558929429643046,80.204374375268,47,"Veipaefai",NA
"801",34.445,14.705,"permanent",0.772370994091034,251.190002441406,0,"Tusque","score",0,1,32562.454864881,349.499416180885,FALSE,36,1,TRUE,FALSE,7536,1580912.5740509,12251594.267395,0.014173810196225,89.1962514533409,47,"Einaemae",NA
"802",29.745,10.555,"permanent",0.786164343357086,254.344848632812,0,"Tusque","score",0,1,31999.6659384637,748.513171106411,FALSE,59,1,TRUE,FALSE,7630,1538860.57623291,6401339.60839844,0.0758967721934268,242.680050035908,51,"Wotdamwa",NA
"803",28.505,16.505,"permanent",0.767408907413483,249.836380004883,0,"Tusque","score",0,1,32371.9449693362,985.776620226473,FALSE,41,1,TRUE,FALSE,7495,1603902.84165955,13834368.1795425,0.0107540467024392,76.8321843599119,49,"Goreipuph",NA
"804",16.965,31.815,"permanent",0.752788126468658,244.62678527832,0,"Tusque","score",0,1,16669.2824804358,21.7561556711335,TRUE,58,1,TRUE,FALSE,7339,1372609.64909363,3334588.0750351,0.140524038145068,249.250860883116,41,"Gatsahau",NA
"805",19.575,14.035,"permanent",0.775362372398376,251.247055053711,0,"Tusque","score",0,1,18747.8792209364,670.137307968875,FALSE,44,1,TRUE,FALSE,7537,1571594.69628906,8011744.96337891,0.000355672390691788,129.707582099853,49,"Rureikai",NA
"806",27.955,32.335,"permanent",0.346809595823288,99.9325714111328,0,"Tusque","score",0,1,20786.8597484388,333.401751307989,FALSE,42,1,TRUE,FALSE,2998,1047760.48158264,8907527.18041992,0.0361594955326837,69.3665970478339,54,"Ishaere",NA
"807",20.765,15.365,"permanent",0.76914644241333,249.810317993164,0,"Tusque","score",0,1,21882.5919755763,791.146682941194,FALSE,40,1,TRUE,FALSE,7494,1578507.24531555,12076317.9743118,0.000499870117644394,91.6623056778727,49,"Gainrugo",NA
"808",25.055,0.254999999999995,"permanent",0.785105109214783,253.767639160156,0,"Tusque","score",0,1,31282.9302099914,113.680212293935,FALSE,43,1,TRUE,FALSE,7613,1540508.309021,8981755.16928101,0.0220838933846351,111.869895721569,33,"Odaussau",NA
"809",21.315,7.89499999999998,"permanent",0.813366711139679,258.242980957031,0,"Tusque","score",0,1,31113.4815825478,159.536939086332,FALSE,60,1,TRUE,FALSE,7747,1578560.60668945,7976163.54286194,0.0182598716909955,176.557102340575,50,"Tauwumhu",NA
"810",26.865,1.78499999999998,"permanent",0.767236292362213,250.07438659668,0,"Tusque","score",0,1,23806.5433498741,374.521771371746,FALSE,44,1,TRUE,FALSE,7502,1498683.47637939,9350079.45283508,0.00253854533177333,117.471141102566,33,"Akzoik",NA
"811",26.105,39.035,"permanent",0.581956028938293,183.681091308594,0,"Tusque","score",0,1,17609.7525538425,47.4831367510831,TRUE,30,1,TRUE,FALSE,5510,1386590.00402832,8533508.56480789,0.00236867195114442,52.5729416100952,44,"Hiiggi",NA
"812",32.805,28.685,"permanent",0.354004472494125,101.28067779541,0,"Tusque","score",0,1,15976.7880457516,265.380123583219,FALSE,31,1,TRUE,FALSE,3038,704459.718772888,3775066.34204865,0.0473992739328594,103.344307100127,54,"Imaekke",NA
"813",29.405,-0.725000000000009,"permanent",0.790588557720184,255.690399169922,0,"Tusque","score",0,1,30731.0232477487,11.7458527434463,TRUE,163,1,TRUE,FALSE,7671,1112488.72888184,6147555.2247467,0.103058464047361,115.150323342366,28,"Lumfuvsug",NA
"814",18.275,12.045,"permanent",0.752090454101562,245.984100341797,0,"Tusque","score",0,1,27324.8992527374,425.986446538442,FALSE,47,1,TRUE,FALSE,7380,1494854.71246338,10093182.7537079,0.00695525322812509,102.244140122691,49,"Reikgoru",NA
"815",29.575,3.56499999999998,"permanent",0.765556514263153,249.814865112305,0,"Tusque","score",0,1,38945.2793806556,392.321500614033,FALSE,59,1,TRUE,FALSE,7494,1518692.74517822,9441646.03340149,0.0701458504533842,148.096342483217,28,"Vupuhavi",NA
"816",33.375,9.59499999999998,"permanent",0.768342852592468,250.427276611328,0,"Tusque","score",0,1,26435.4508503679,465.541639282846,FALSE,49,1,TRUE,FALSE,7513,1524052.12120056,11332801.8829041,0.00270841871240224,125.47442547576,51,"Wotphilto",NA
"817",22.7658462664113,12.3260268467849,"permanent",0.788322687149048,254.155212402344,0,"Tusque","score",0,1,702,667.418571030531,FALSE,45,1,TRUE,FALSE,7625,1534656.37390137,5412962.23617554,0.0790387219293083,153.411325987242,49,"Paingokgo","Paingokgo.jpg"
"818",25.655,33.355,"permanent",0.783800423145294,251.722915649414,0,"Tusque","score",0,1,41195.8298278341,454.374244284983,FALSE,44,1,TRUE,FALSE,7552,1394695.08655548,10694144.8777542,0.159901813185996,63.9727007220904,54,"Immyireus",NA
"819",34.855,27.205,"permanent",0.365929156541824,103.161796569824,0,"Tusque","score",0,1,13452.8475126389,380.427609815835,FALSE,24,1,TRUE,FALSE,3095,698430.795860291,4931278.41156006,0.00973285995284593,66.5958782151308,54,"Yepiwyei",NA
"820",30.835,10.615,"permanent",0.789771199226379,253.56640625,0,"Tusque","score",0,1,33349.1674982179,680.846101002857,FALSE,58,1,TRUE,FALSE,7607,1548010.24906921,6671299.32525635,0.0758712911863325,258.037606224486,51,"Damazo",NA
"821",40.075,21.585,"permanent",0.348975837230682,100.946090698242,0,"Tusque","score",0,1,16033.0141403147,119.076011711827,FALSE,15,1,TRUE,FALSE,3028,647070.731033325,5684289.37560272,0.0287500079628147,54.241188652979,47,"Vinaipain",NA
"822",32.265,29.855,"permanent",0.586576104164124,185.595916748047,0,"Tusque","score",0,1,27695.1548506889,199.406947391197,FALSE,33,1,TRUE,FALSE,5568,1059145.87464905,7836597.91451263,0.0495067655612869,83.8325918459591,54,"Myipeiyei",NA
"823",27.495,8.12499999999999,"permanent",0.76446121931076,249.279754638672,0,"Tusque","score",0,1,47284.2827027316,551.225157202791,FALSE,60,1,TRUE,FALSE,7478,1495143.98432922,12990190.9091949,0.132282524912993,113.653541758649,51,"Dedamphil",NA
"824",28.445,11.255,"permanent",0.777106761932373,251.874938964844,0,"Tusque","score",0,1,40542.4620785644,824.499443398533,FALSE,57,1,TRUE,FALSE,7556,1564699.98287964,8645820.00421143,0.153468920603305,114.916245461907,51,"Atotsim",NA
"825",18.455,13.585,"permanent",0.752328276634216,245.775283813477,0,"Tusque","score",0,1,28150.1450296368,559.4269448352,FALSE,47,1,TRUE,FALSE,7373,1530769.08065796,6538777.49705505,0.0247468178822877,137.299604093755,49,"Rukeigo",NA
"826",5.55499999999996,35.725,"permanent",0.581960916519165,182.077606201172,0,"Tusque","score",0,1,38716.2722899261,286.671068573695,FALSE,38,1,TRUE,FALSE,5462,1340678.38210297,9650104.92554092,0.376559384548742,64.0352192464357,41,"Ganvozei",NA
"827",23.225,4.23499999999999,"permanent",0.764168083667755,249.037246704102,0,"Tusque","score",0,1,29230.4834619478,198.564591061422,FALSE,50,1,TRUE,FALSE,7471,1518114.50167847,11804319.2389069,0.00659002545977292,101.192245848912,50,"Iwumhuuno",NA
"828",20.395,12.135,"permanent",0.764119327068329,248.890930175781,0,"Tusque","score",0,1,28980.7562641212,504.708199956048,FALSE,45,1,TRUE,FALSE,7467,1504834.12089539,8738426.32920837,0.0159245677253317,104.415956908678,49,"Rugokgo",NA
"829",25.505,15.255,"permanent",0.790243446826935,254.676910400391,0,"Tusque","score",0,1,42330.5010030611,1083.42205729495,FALSE,41,1,TRUE,FALSE,7640,1614866.97782898,10189448.9228516,0.132933352302528,104.806668626706,49,"Eigkaigo",NA
"830",33.885,16.935,"permanent",0.772846579551697,251.039352416992,0,"Tusque","score",0,1,16971.6368141284,551.698650348504,FALSE,29,1,TRUE,FALSE,7531,1571422.34031677,5881222.50074768,0.000972525104100531,94.6249096715233,47,"Aishangei",NA
"831",31.725,14.155,"permanent",0.627683341503143,218.692031860352,0,"Tusque","score",0,0,30830.6777842756,581.050542032506,FALSE,35,1,TRUE,FALSE,6561,1468471.21447754,12810923.1588516,0.0147768606974576,77.0763909965749,51,"Alahwaaza",NA
"832",-2.89500000000002,36.345,"permanent",0.491226971149445,162.115631103516,0,"Tusque","score",0,0,28408.3320861995,261.434777828995,FALSE,15,1,TRUE,FALSE,4863,987026.096752167,5804202.88468933,0.398635173557507,45.3695200431884,41,"Zeivoga",NA
"833",32.735,1.54499999999999,"permanent",0.681099534034729,231.115127563477,0,"Tusque","score",0,0,22725.9819434177,80.6952995370366,FALSE,53,1,TRUE,FALSE,6933,1457739.05368042,9782535.64268494,0.00230496943340857,102.079663403517,28,"Havlumfuv",NA
"834",35.075,29.195,"permanent",0.282564580440521,90.77783203125,0,"Tusque","score",0,0,8341.23135889213,151.77983766979,FALSE,24,1,TRUE,FALSE,2723,912418.68396759,5517993.97486305,0,58.9457498927429,54,"Echkeiw",NA
"835",33.325,17.745,"permanent",0.752106010913849,246.407791137695,0,"Tusque","score",0,0,17270.402815471,662.555202059979,FALSE,29,1,TRUE,FALSE,7392,1589134.54251099,6788796.66066742,0.000722492721987349,89.3598296233657,47,"Aiyaivpei",NA
"836",27.285,5.05499999999999,"permanent",0.704988777637482,236.309555053711,0,"Tusque","score",0,0,44299.4482604542,507.650097197529,FALSE,49,1,TRUE,FALSE,7089,1450433.71121216,12454340.9273643,0.130722874937094,97.514095039745,28,"Pusurafoi",NA
"837",-7.97500000000002,39.745,"permanent",0.50524777173996,163.117858886719,0,"Tusque","score",0,0,12554.4889709899,277.869322515559,FALSE,12,1,TRUE,FALSE,4894,1333907.14776611,8797387.72911835,0,40.3767887237079,48,"Geixxagha",NA
"838",16.825,13.605,"permanent",0.702881574630737,234.731384277344,0,"Tusque","score",0,0,18576.0107788305,399.191495877085,FALSE,41,1,TRUE,FALSE,7042,1490088.87312317,10925514.7289276,0,100.337735534333,49,"Reigoyein",NA
"839",31.005,1.80499999999999,"permanent",0.717367589473724,239.201187133789,0,"Tusque","score",0,0,15873.0574886065,236.534028312326,FALSE,51,1,TRUE,FALSE,7176,1492480.5111084,7292546.81761169,1.69873380628914e-05,107.121935661878,28,"Putsaugxa",NA
"840",35.025,6.05499999999999,"permanent",0.721219539642334,240.246200561523,0,"Tusque","score",0,0,15657.8510850653,39.701025922915,TRUE,132,1,TRUE,FALSE,7207,1385271.20761108,5086924.50236511,0.000933843519719822,97.505795829184,51,"Vomevle",NA
"841",13.585,13.155,"permanent",0.66126161813736,225.181015014648,0,"Tusque","score",0,0,34678.5323959463,78.9561342468356,FALSE,34,1,TRUE,FALSE,6755,1473153.62217712,13220398.1295624,0.0239484306884756,90.1705303752308,46,"Yausovtei",NA
"842",31.905,10.605,"permanent",0.737595856189728,243.466506958008,0,"Tusque","score",0,0,41281.2306983575,578.371107730831,FALSE,55,1,TRUE,FALSE,7304,1569949.06483459,8334129.90472412,0.141798619354099,174.947016442454,51,"Miltazwa",NA
"843",20.725,9.14499999999998,"permanent",0.658615171909332,225.251434326172,0,"Tusque","score",0,0,24318.273588714,305.117518159393,FALSE,53,1,TRUE,FALSE,6758,1510166.01295471,8169708.02337646,0.00626726603657799,125.375098789329,50,"Gaihuwum",NA
"844",29.145,26.655,"permanent",0.537620306015015,175.949478149414,0,"Tusque","score",0,0,22083.678515154,639.083324368058,FALSE,25,1,TRUE,FALSE,5278,607801.221443176,5175974.24772644,0.0584872279990968,59.2449560626518,54,"Ekimke",NA
"845",20.075,32.345,"permanent",0.469461590051651,161.440383911133,0,"Tusque","score",0,0,27161.0146817242,186.706813590038,FALSE,37,1,TRUE,FALSE,4843,1097762.6451416,5777033.08898926,0.150588505093016,90.651864873437,41,"Vogigvau",NA
"846",8.71499999999999,26.465,"permanent",0.31262269616127,94.3136367797852,0,"Tusque","score",0,0,8169.9704037669,29.8222846451795,TRUE,47,1,TRUE,FALSE,2829,568627.689147949,2835235.48918915,0.00212872580100607,55.5814162983124,41,"Hohaugaum",NA
"847",34.105,7.54499999999999,"permanent",0.690279603004456,233.170059204102,0,"Tusque","score",0,0,17929.6782549919,247.648915655293,FALSE,44,1,TRUE,FALSE,6995,1440233.0947876,10284132.971344,0,96.9979950559743,51,"Damphille",NA
"848",46.645,28.205,"permanent",0.535793960094452,175.501876831055,0,"Tusque","score",0,0,21290.221428417,28.1632878689936,TRUE,51,1,TRUE,FALSE,5265,1070913.17128372,6933442.16103745,0.0282435729468148,40.5319317184869,39,"Dpesmawei",NA
"849",21.385,10.565,"permanent",0.744638502597809,244.507339477539,0,"Tusque","score",0,0,19774.4844377649,435.367581098888,FALSE,47,1,TRUE,FALSE,7335,1493506.17729187,8772755.97695923,0.000611544170264089,118.092160758323,50,"Nauwauhu",NA
"850",23.585,29.195,"permanent",0.338466763496399,98.7505187988281,0,"Tusque","score",0,0,11414.0457478549,164.772455913128,FALSE,40,1,TRUE,FALSE,2963,701820.40687561,6578477.04032135,0.000722492721987349,91.7559970390506,41,"Vovautsa",NA
"851",8.42499999999997,34.255,"permanent",0.48303958773613,163.293670654297,0,"Tusque","score",0,0,37714.374325434,216.997458186072,FALSE,37,1,TRUE,FALSE,4899,1275421.00811005,10071867.714241,0.377877495811559,64.5088873685615,41,"Nachvogig",NA
"852",32.325,26.155,"permanent",0.306646198034286,94.4456405639648,0,"Tusque","score",0,0,6908.35459334347,542.28559195572,FALSE,17,1,TRUE,FALSE,2833,564201.283893585,3409177.44997025,0,57.7220913470577,54,"Ekkehau",NA
"853",19.485,32.995,"permanent",0.31669282913208,95.1945037841797,0,"Tusque","score",0,0,9495.29091830983,217.833690114744,FALSE,37,1,TRUE,FALSE,2856,1057900.7093277,5891819.77635956,0,101.515407543351,41,"Nachganga",NA
"854",31.425,7.70499999999998,"permanent",0.630780458450317,219.550262451172,0,"Tusque","score",0,0,18637.3004748588,356.686750913704,FALSE,48,1,TRUE,FALSE,6587,1468260.89334869,11830046.3946114,0,97.7575298764969,51,"Zotomev",NA
"855",36.735,6.44499999999999,"permanent",0.664272367954254,227.117980957031,0,"Tusque","score",0,0,18335.8902663852,19.5594827196827,TRUE,140,1,TRUE,FALSE,6814,1046116.52304077,4818957.603302,0.00560058379818476,92.0608230201066,34,"Salokuw",NA
"856",21.235,18.105,"permanent",0.687465012073517,231.424728393555,0,"Tusque","score",0,0,45213.671601861,816.148641581427,FALSE,31,1,TRUE,FALSE,6943,1496523.50171661,11553090.4023209,0.263145784273547,75.6842300998606,49,"Gopoghkai",NA
"857",31.435,3.69499999999999,"permanent",0.691255986690521,233.371780395508,0,"Tusque","score",0,0,24380.8242637432,227.019595415899,FALSE,40,1,TRUE,FALSE,7001,1443237.90164185,10413311.0704117,0.00364909255763485,89.2994904208227,28,"Vusugseg",NA
"858",13.115,9.45499999999998,"permanent",0.738259613513947,242.404907226562,0,"Tusque","score",0,0,29951.5896798707,62.4870410065285,FALSE,33,1,TRUE,FALSE,7272,1505447.56965637,10739878.7873077,0.0141468124625181,84.3728696305448,46,"Yauwizte",NA
"859",25.435,-0.525000000000006,"permanent",0.690018355846405,232.841567993164,0,"Tusque","score",0,0,15775.5353996805,124.666822506492,FALSE,35,1,TRUE,FALSE,6985,1450206.03329468,7780660.68110657,0,95.0318499040033,33,"Ohkokzsi",NA
"860",23.275,7.79499999999999,"permanent",0.694701969623566,233.598358154297,0,"Tusque","score",0,0,20224.0553219031,171.057245866677,FALSE,53,1,TRUE,FALSE,7008,1485164.63336182,8351122.56091309,0.000722568558317987,166.53154164057,50,"Pauhui",NA
"861",-0.975000000000023,37.445,"permanent",0.539172112941742,171.712265014648,0,"Tusque","score",0,0,33601.9764261786,329.959221709113,FALSE,19,1,TRUE,FALSE,5151,1319447.83262634,8767226.780159,0.271281878686347,52.8038273752317,41,"Gaumhohau",NA
"862",-2.16500000000002,37.255,"permanent",0.478122651576996,159.551818847656,0,"Tusque","score",0,0,9712.94266979223,382.156569374741,FALSE,16,1,TRUE,FALSE,4787,1112198.84453201,4687538.2490387,0,48.255202452509,41,"Zeihautsa",NA
"863",36.125,10.595,"permanent",0.73629093170166,243.330810546875,0,"Tusque","score",0,0,45769.8711165308,197.280831320656,FALSE,46,1,TRUE,FALSE,7300,1506709.57063293,13140029.7585754,0.133341048416037,92.7335848289882,34,"Koumsei",NA
"864",-15.475,43.855,"permanent",0.491926670074463,157.289596557617,0,"Tusque","score",0,0,11404.5729742175,135.494251635157,FALSE,6,1,TRUE,FALSE,4719,1112206.27713394,8050121.60204601,3.36207732494725e-06,30.3976465385707,48,"Xeigafne",NA
"865",-9.01500000000001,38.845,"permanent",0.445957988500595,151.606155395508,0,"Tusque","score",0,0,12485.0003981216,141.073135016054,FALSE,12,1,TRUE,FALSE,4548,1289973.17944336,5746699.62493515,0.0015750447510187,40.2128713923299,48,"Faxnetha",NA
"866",3.98499999999997,13.405,"permanent",0.668708562850952,225.846481323242,0,"Tusque","score",0,0,26876.9942477986,29.171098309992,TRUE,52,1,TRUE,FALSE,6775,1272484.73028564,7661538.93904114,0.0384625185002729,51.7996975723474,46,"Eixwauvei",NA
"867",33.375,26.055,"permanent",0.321465879678726,96.6484603881836,0,"Tusque","score",0,0,7089.02675106355,531.792265751267,FALSE,20,1,TRUE,FALSE,2899,659884.412757874,3499725.10610962,0,59.5658797427997,54,"Myiekauk",NA
"868",-9.73500000000003,-0.305000000000007,"permanent",0.664618313312531,219.230941772461,7,"Centre","sacred",0,0,16737.1178846171,132.755469141418,FALSE,17,1,TRUE,FALSE,6577,1384760.62825012,11927429.2446289,3.39746761257827e-05,42.7896008976553,52,"Kaexwaino",NA
"869",-7.58500000000002,-0.965000000000018,"permanent",0.702623724937439,227.058181762695,8,"Centre","sacred",0,0,17256.1505475838,363.037716391471,FALSE,25,1,TRUE,FALSE,6812,1436438.12924194,11629017.2182922,0,55.0394240227981,52,"Wainogae",NA
"870",-0.595000000000027,0.534999999999982,"permanent",0.808265328407288,251.184020996094,0,"Centre","confluence",0,1,25633.4825520092,193.860402220983,FALSE,38,1,TRUE,FALSE,7536,1527152.41810608,9111185.8120575,0.00515296744022761,111.753198074847,52,"Auwautsau",NA
"871",9.49499999999996,6.53499999999998,"permanent",0.805622100830078,252.365600585938,0,"Centre","confluence",0,1,30263.0339401118,155.036628884242,FALSE,34,1,TRUE,FALSE,7571,1553206.90509033,10032781.810379,0.0157738051000236,89.2988170108227,46,"Izkoyauw",NA
"872",6.90499999999999,3.65499999999999,"permanent",0.790495634078979,248.731781005859,0,"Centre","confluence",0,1,31810.1503660929,286.952854609494,FALSE,37,1,TRUE,FALSE,7462,1480994.61624146,12497321.7004852,0.0144572864001495,71.8792417935756,55,"Auwetsaip",NA
"873",1.26499999999997,-3.68500000000002,"permanent",0.784108638763428,246.319869995117,0,"Centre","confluence",0,1,31579.0447138775,298.380098934734,FALSE,28,1,TRUE,FALSE,7390,1505762.05915833,11143871.486084,0.0159930479318978,91.7679211869425,55,"Gaghawaip",NA
"874",2.81499999999998,-3.45500000000001,"permanent",0.773358464241028,244.336090087891,0,"Centre","confluence",0,1,28930.4003635513,237.34394405631,FALSE,27,1,TRUE,FALSE,7330,1487311.50531006,8190403.44937134,0.0168366816084461,125.753088248919,55,"Aughawaix",NA
"875",0.0649999999999835,-8.64500000000001,"permanent",0.771182417869568,242.654525756836,0,"Centre","confluence",0,1,18459.8027978148,191.107593736879,FALSE,22,1,TRUE,FALSE,7280,1470483.52835083,12360901.970993,5.73322659622584e-05,52.6315239930081,55,"Xautgapai",NA
"876",3.68499999999999,-2.47500000000001,"permanent",0.762041032314301,241.823303222656,0,"Centre","confluence",0,0,23254.6789050661,279.585451069633,FALSE,26,1,TRUE,FALSE,7255,1472074.76681519,6614503.47438049,0.00657519692925552,133.59489923686,55,"Gapaighai",NA
"877",6.12499999999999,-0.195000000000007,"permanent",0.764608144760132,242.870208740234,0,"Centre","confluence",0,0,26210.2486127397,183.638111976901,FALSE,30,1,TRUE,FALSE,7286,1482795.22012329,9296478.45542908,0.0094741569502632,76.5901291347887,55,"Augaghaw",NA
"878",-4.73500000000003,5.67499999999998,"permanent",0.621142506599426,208.082641601562,0,"Centre","score",1,0,11284.7875244052,4.57786761108132,TRUE,44,1,TRUE,FALSE,6242,775991.191101074,3402232.84132385,0.000726208702188606,59.4607551165177,52,"Auxmairai",NA
"879",1.88499999999998,8.90499999999999,"permanent",0.861803650856018,261.856597900391,0,"Centre","score",1,0,12877.9191055556,10.2724276009169,TRUE,62,1,TRUE,FALSE,7856,435945.986297607,2576148.50466919,0.0156931152442248,121.274455161119,52,"Auwotshok",NA
"880",10.815,15.085,"permanent",0.690649747848511,227.44645690918,0,"Centre","score",1,0,14069.5135237833,10.5044380463495,TRUE,33,1,TRUE,FALSE,6823,812318.526939392,5078902.8456955,0.000458658127698067,83.8661589209307,46,"Veixichwo",NA
"881",-11.225,3.92499999999998,"permanent",0.718792378902435,223.506240844727,0,"Centre","score",1,0,11259.3283810519,0.617667697972604,TRUE,39,1,TRUE,FALSE,6705,522567.051315308,3242027.45857239,0.000752195284820529,52.8744017107416,52,"Ophaikaex",NA
"882",0.274999999999977,3.80499999999999,"permanent",0.666207730770111,220.038299560547,0,"Centre","score",1,0,18497.9036380055,1.62331977443482,TRUE,59,1,TRUE,FALSE,6601,1081169.4503479,8471689.77503967,0.00127458120903132,71.0147016003485,52,"Auxauhaen",NA
"883",-10.825,5.18499999999999,"permanent",0.623291254043579,208.7451171875,0,"Centre","score",1,0,5912.25153409255,7.83416201876005,TRUE,40,1,TRUE,FALSE,6262,563409.422454834,1182708.36247253,0.00142481298002501,42.6099359199252,52,"Phaengaux",NA
"884",10.065,13.835,"permanent",0.598933100700378,207.045974731445,0,"Centre","score",1,0,16712.438665368,6.22456044059899,TRUE,31,1,TRUE,FALSE,6211,830104.926681519,5568296.23345947,0.00297650014120725,74.8828654673559,46,"Tevaevei",NA
"885",0.884999999999977,5.18499999999999,"permanent",0.66732656955719,216.368560791016,0,"Centre","score",1,0,13482.9139522329,0.499854516475577,TRUE,60,1,TRUE,FALSE,6491,837829.828933716,6246625.10406494,2.12341725786142e-05,74.6333308723897,52,"Phaiwotso",NA
"886",7.42499999999997,-1.745,"permanent",0.636274874210358,213.929962158203,0,"Centre","score",1,0,12094.6009510903,6.5406551959168,TRUE,62,1,TRUE,FALSE,6418,828480.625823975,5441977.75001526,0,57.5073700901913,55,"Aixxautau",NA
"887",2.17499999999998,-8.14500000000001,"permanent",0.648332118988037,216.610168457031,0,"Centre","score",1,0,12146.9222158007,7.76769506876614,TRUE,57,1,TRUE,FALSE,6498,868275.432037354,4026897.15684509,0.000724085284930745,54.0645481903585,55,"Aipgaghaw",NA
"888",-3.37500000000003,5.88499999999999,"permanent",0.653193831443787,215.402160644531,0,"Centre","score",1,0,12339.4941339015,5.52695210922692,TRUE,46,1,TRUE,FALSE,6462,810638.045883179,5545936.56149292,0,61.1226179920735,52,"Aukhaigae",NA
"889",-10.435,-10.835,"permanent",0.746551632881165,235.125137329102,0,"Centre","score",1,0,9507.58112932629,5.5705921010445,TRUE,23,1,TRUE,FALSE,7054,831625.490493774,2824947.21679688,3.2152076312785e-05,50.7662950639648,52,"Tsaihaeno",NA
"890",-10.035,-3.51500000000001,"permanent",0.720898866653442,231.023788452148,0,"Centre","score",1,0,16890.277169508,5.55995493133453,TRUE,35,1,TRUE,FALSE,6931,1192428.16184998,8719312.44480896,0.0007532380343668,42.8482430728564,52,"Autsauwau",NA
"891",6.52499999999996,8.87499999999999,"permanent",0.672211587429047,219.924041748047,0,"Centre","score",1,0,18605.2572784604,3.95538415457159,TRUE,63,1,TRUE,FALSE,6598,749976.449920654,4025494.89099121,0.0166667020569543,66.1745469523976,46,"Zauchoviz",NA
"892",10.625,5.37499999999999,"permanent",0.664230227470398,221.76335144043,0,"Centre","score",1,0,18278.2266296367,3.12299237097495,TRUE,50,1,TRUE,FALSE,6653,828565.3699646,4655161.8835144,0.00866566582933246,70.9695878473243,46,"Tevaewo",NA
"893",2.77499999999996,-6.62500000000001,"permanent",0.637770593166351,213.872344970703,0,"Centre","score",1,0,13320.307002151,7.70570506086712,TRUE,65,1,TRUE,FALSE,6416,863222.876495361,3607096.72851562,0.0022857171169373,62.4890313840849,55,"Aixaipau",NA
"894",-5.68500000000002,-14.565,"permanent",0.76741760969162,237.17529296875,0,"Centre","score",1,0,12951.8709500668,3.08218835725495,TRUE,41,1,TRUE,FALSE,7115,806711.808868408,6761841.87458801,0,35.48572487656,52,"Wainaiwau",NA
"895",-8.88500000000002,-4.77500000000001,"permanent",0.663229584693909,216.920364379883,0,"Centre","score",1,0,13656.3127013887,3.13051542133881,TRUE,35,1,TRUE,FALSE,6508,875030.69241333,7644680.95243835,4.0344927899367e-05,42.7220209066368,52,"Aewomair",NA
"896",1.22499999999998,6.17499999999998,"permanent",0.656648874282837,215.974349975586,0,"Centre","score",1,0,23649.7875154405,4.49386626650684,TRUE,64,1,TRUE,FALSE,6479,891129.940841675,7467461.81158447,0.0135507035134164,73.7858039980918,52,"Mairwaino",NA
"897",12.755,17.635,"permanent",0.739607274532318,238.377593994141,0,"Centre","score",1,0,15333.8558457553,1.45822716749185,TRUE,65,1,TRUE,FALSE,7151,787517.198074341,3067443.96276855,0.0123285605991434,152.738975150839,46,"Woizov",NA
"898",5.91499999999998,-3.79500000000002,"permanent",0.66420966386795,219.023956298828,0,"Centre","score",1,0,22751.8567372895,5.53721858859213,TRUE,65,1,TRUE,FALSE,6571,824032.129119873,6704939.75048828,0.0162897954936839,62.3550523443933,55,"Aiptengau",NA
"899",12.795,12.335,"permanent",0.685636520385742,226.589828491211,0,"Centre","score",1,0,23467.9777785146,1.61729829376973,TRUE,45,1,TRUE,FALSE,6798,735439.616744995,6341976.87321472,0.014910029294058,89.5732184581223,46,"Ovkochexi",NA
"900",10.825,9.38499999999999,"permanent",0.767093241214752,244.169937133789,0,"Centre","score",0,1,27803.0966488123,154.088583825952,FALSE,28,1,TRUE,FALSE,7325,1494932.88728333,10748349.4959412,0.00807656921293719,84.1921670268553,46,"Woovyaus",NA
"901",-1.27500000000002,-1.14500000000001,"permanent",0.791624367237091,247.915649414062,0,"Centre","score",0,1,24612.0183597982,411.833781160588,FALSE,36,1,TRUE,FALSE,7437,1476518.99836731,8718735.83164978,0.00588759351550289,88.8279762876976,52,"Phaihokau",NA
"902",-3.66500000000002,-10.125,"permanent",0.761141419410706,240.867752075195,0,"Centre","score",0,1,25910.9863733525,254.457039744431,FALSE,24,1,TRUE,FALSE,7226,1467375.03675842,12274108.9833832,0.00566878678083102,49.3214374974635,52,"Aigaemair",NA
"903",-5.39500000000002,4.15499999999999,"permanent",0.785707652568817,245.946823120117,0,"Centre","score",0,1,27324.0085082671,155.994035405122,FALSE,25,1,TRUE,FALSE,7378,1468248.33531189,10547483.1179962,0.00858090609045616,73.1368962568812,52,"Ogaewain",NA
"904",10.075,8.16499999999999,"permanent",0.785185992717743,247.703079223633,0,"Centre","score",0,1,19647.2546334622,175.136289193206,FALSE,28,1,TRUE,FALSE,7431,1518019.00720215,9200443.24414062,0.00064233372050308,91.3914553600867,46,"Wozauchko",NA
"905",6.19499999999998,1.56499999999998,"permanent",0.778551816940308,246.174591064453,0,"Centre","score",0,1,24260.9327455191,268.704792744549,FALSE,32,1,TRUE,FALSE,7385,1465501.05116272,10960053.7946014,0.00287776123871669,77.0658528346565,55,"Aipaughai",NA
"906",-9.29500000000002,-11.495,"permanent",0.754299640655518,238.721160888672,0,"Centre","score",0,1,19844.5264835661,70.8861110099601,FALSE,7,1,TRUE,FALSE,7162,1452129.96392822,9810364.25671387,0.00147473098072857,51.4908728345787,52,"Gaehokau",NA
"907",-0.235000000000028,-1.17500000000001,"permanent",0.765118837356567,242.49348449707,0,"Centre","score",0,1,27011.9083044094,401.217734362581,FALSE,36,1,TRUE,FALSE,7275,1464221.84455872,8051374.23806763,0.0162356483536084,87.2334692197303,52,"Omairghon",NA
"908",-6.10500000000002,2.23499999999999,"permanent",0.773670077323914,243.509872436523,0,"Centre","score",0,1,27224.5097257389,337.973231591391,FALSE,27,1,TRUE,FALSE,7305,1480574.30860901,9292191.73565674,0.00998888340507956,94.0877414829915,52,"Otsaikaex",NA
"909",0.0749999999999744,2.005,"permanent",0.765072822570801,242.12483215332,0,"Centre","score",0,1,31985.8780302918,27.7377879516447,TRUE,58,1,TRUE,FALSE,7264,1483482.79867554,9475523.04095459,0.0288193072783541,98.1885798536491,52,"Ghonaewo",NA
"910",-2.88500000000002,-6.66500000000001,"permanent",0.768269240856171,242.309295654297,0,"Centre","score",0,1,28833.19565398,527.022510750345,FALSE,30,1,TRUE,FALSE,7269,1475350.56065369,12871658.7835236,0.00845845676768573,59.8915839090203,52,"Otsaiphai",NA
"911",7.46499999999999,7.88499999999999,"permanent",0.708469688892365,230.987686157227,0,"Centre","score",0,0,17241.811013851,145.204783676649,FALSE,31,1,TRUE,FALSE,6930,1498447.85012817,10280700.4641876,0,76.4231979974044,46,"Ovxichvei",NA
"912",-2.57500000000002,-11.865,"permanent",0.649158537387848,216.554351806641,0,"Centre","score",0,0,13099.426897177,17.5146684738873,TRUE,46,1,TRUE,FALSE,6497,1009049.69360352,6300451.03239441,0.00025851720357272,40.4624635568923,52,"Haenhoko",NA
"913",4.63499999999998,-1.22500000000001,"permanent",0.728085279464722,235.056365966797,0,"Centre","score",0,0,20940.1445718096,290.875438775647,FALSE,27,1,TRUE,FALSE,7052,1457861.09089661,8501362.80387878,0.00183197823921994,102.253575395553,55,"Paigateng",NA
"914",1.62499999999997,-6.72500000000001,"permanent",0.673951506614685,222.857269287109,0,"Centre","score",0,0,19314.4253478826,111.638942695201,FALSE,24,1,TRUE,FALSE,6686,1419193.43080139,8232651.77964783,0.00241432542218844,60.6382781956157,55,"Aipgaghai",NA
"915",-6.53500000000003,1.05499999999999,"permanent",0.744547247886658,237.11897277832,0,"Centre","score",0,0,17214.3053799788,405.91543308805,FALSE,27,1,TRUE,FALSE,7114,1440988.52882385,9575606.74351501,0,86.9755048353367,52,"Hokauxau",NA
"916",1.77499999999998,-0.295000000000016,"permanent",0.683492541313171,224.979949951172,0,"Centre","score",0,0,16822.696595548,352.530675980527,FALSE,32,1,TRUE,FALSE,6749,1462848.0799408,10020434.825882,0,75.73301155721,52,"Aewophai",NA
"917",2.96499999999999,-1.31500000000001,"permanent",0.691630601882935,226.966339111328,0,"Centre","score",0,0,19973.6224361715,415.093128769093,FALSE,31,1,TRUE,FALSE,6809,1414947.38282776,7020858.51097107,0.00397609881534551,75.5233571018066,55,"Tenggapai",NA
"918",-9.62500000000003,3.68499999999999,"permanent",0.68548047542572,223.914154052734,0,"Centre","score",0,0,13954.963839141,32.682189023399,TRUE,38,1,TRUE,FALSE,6717,1255105.55007935,7413003.80677795,1.11226618268932e-05,52.3001311706221,52,"Kaexaiwau",NA
"919",-2.92500000000003,3.90499999999999,"permanent",0.645838737487793,216.099105834961,0,"Centre","score",0,0,30618.2093259132,218.681269102358,FALSE,29,1,TRUE,FALSE,6483,1405404.39389038,11466136.7825317,0.0269790779697583,60.063058120433,52,"Hokaumair",NA
"920",-15.085,11.015,"permanent",0.5,100,NA,"Tusque","manual_entrepot",1,0,3066.1656160347,36.5811420401993,TRUE,31,1,TRUE,FALSE,2000,1023405.85061646,801385.060165405,0,35.5458172250299,52,"Ogaephai",NA
"921",18.105,-4.86500000000001,"permanent",0.5,100,NA,"Tusque","manual_entrepot",1,0,2278.18579040384,66.0081280212156,FALSE,14,1,TRUE,FALSE,2000,940667.415237427,455735.24256897,0.000320636005937075,82.8941386437893,33,"Ikkazano",NA
"922",11.505,-5.335,"permanent",0.5,100,NA,"Tusque","manual_entrepot",1,0,8054.01833095831,0.499759652119551,TRUE,63,1,TRUE,FALSE,2000,281738.219818115,2057894.93843079,0.0181637112237466,48.2587058330354,33,"Auskoksau",NA
"923",-46.975,75.575,"permanent",0.5,100,NA,"Amazonia","manual_entrepot",1,0,50,0.677036698212635,TRUE,24,1,TRUE,FALSE,2000,0,0,0.0242759678005007,9.70028745317559,8,"Waudezuth",NA
"924",92.355,87.395,NA,NA,NA,NA,"Amazonia",NA,NA,NA,84.5191611103029,NA,NA,NA,1,NA,TRUE,0,238648.072660446,677948.216800213,0.000722492721987349,6.56843775307214,9,"Bushai",NA
"926",136.275,85.695,NA,NA,NA,NA,"Amazonia",NA,NA,NA,50,NA,NA,NA,3,NA,TRUE,0,60743.6302428246,15173.6397109032,0,0,56,"Nauyu",NA
"928",-89.595,84.695,NA,NA,NA,NA,"Amazonia",NA,NA,NA,50,NA,NA,NA,1,NA,TRUE,0,41070.0184326172,0,0,140.876059337578,8,"Liziaru",NA
"930",-78.435,52.655,NA,NA,NA,NA,"Canada",NA,NA,NA,336.023895408105,NA,NA,NA,1,NA,TRUE,0,1076594.23941231,3864444.50764275,0.0441778730012451,16.4839396112305,5,"Phovei",NA
"931",-92.785,50.685,NA,NA,NA,NA,"Canada",NA,NA,NA,118.496351302918,NA,NA,NA,1,NA,TRUE,0,624561.595703125,1378892.40300179,0,24.7539296526177,1,"Depai",NA
"932",10.055,50.415,NA,NA,NA,NA,"Salmon",NA,NA,NA,76.6375844571958,NA,NA,NA,1,NA,TRUE,0,182639.932262421,393767.939092159,0,36.6963670771614,41,"Tsazeits",NA
"933",-48.035,49.095,NA,NA,NA,NA,"Canada",NA,NA,NA,50,NA,NA,NA,1,NA,TRUE,0,170273.002868652,0,0.00144445458966023,158.267054456452,3,"Fegho",NA
"934",33.715,48.405,NA,NA,NA,NA,"Salmon",NA,NA,NA,150.499117961735,NA,NA,NA,1,NA,TRUE,0,506083.222789764,2195897.43751144,0,34.7098733696677,44,"Eihghei",NA
"936",63.115,47.965,NA,NA,NA,NA,"Salmon",NA,NA,NA,50,NA,NA,NA,1,NA,TRUE,0,237627.183238983,72882.5844335556,0,29.9097166147157,42,"Veighaumi",NA
"937",-103.195,47.435,NA,NA,NA,NA,"Canada",NA,NA,NA,50,NA,NA,NA,1,NA,TRUE,0,0,819.86307144165,0.00224200391433542,113.359182632868,1,"Bemkhaid",NA
"938",-103.245,47.415,NA,NA,NA,NA,"Canada",NA,NA,NA,50,NA,NA,NA,1,NA,TRUE,0,0,0,0.00154976988827258,73.7778421930324,1,"Ivetoren",NA
"939",-103.225,47.315,NA,NA,NA,NA,"Canada",NA,NA,NA,72.4291402161506,NA,NA,NA,1,NA,TRUE,0,99544.1217460632,219496.231750488,0.00086504365894291,39.4116952577969,1,"Ghaemvi",NA
"940",61.765,47.115,NA,NA,NA,NA,"Salmon",NA,NA,NA,50,NA,NA,NA,1,NA,TRUE,0,93699.1997127533,88168.6228713989,0,55.2251228328117,42,"Hauvei",NA
"941",-39.365,47.065,NA,NA,NA,NA,"Canada",NA,NA,NA,50,NA,NA,NA,1,NA,TRUE,0,923955.042388916,18685.9228057861,0.00210165223096837,36.5176437599841,7,"Deivach",NA
"942",-49.115,46.715,NA,NA,NA,NA,"Canada",NA,NA,NA,67.1576867831213,NA,NA,NA,1,NA,TRUE,0,251943.615905762,58346.8622589111,0.00948211976498028,65.6889927159765,3,"Feghneix",NA
"943",48.175,46.505,NA,NA,NA,NA,"Salmon",NA,NA,NA,50,NA,NA,NA,1,NA,TRUE,0,215356.401252747,0,0,54.8116874176238,43,"Autvo",NA
"946",-106.905,45.545,NA,NA,NA,NA,"Canada",NA,NA,NA,69.1934399066378,NA,NA,NA,1,NA,TRUE,0,826318.403121948,432600.395614624,0,14.3172520652508,1,"Vighaem",NA
"947",-110.035,45.495,NA,NA,NA,NA,"Canada",NA,NA,NA,58.4963672709505,NA,NA,NA,1,NA,TRUE,0,120913.719863892,121340.653640747,0,109.652466532147,1,"Iwaelamir",NA
"948",34.425,45.165,NA,NA,NA,NA,"Salmon",NA,NA,NA,50,NA,NA,NA,1,NA,TRUE,0,350209.213592529,0,0,63.3724333418649,44,"Ufzag",NA
"949",15.865,44.155,NA,NA,NA,NA,"Salmon",NA,NA,NA,76.5304637115623,NA,NA,NA,1,NA,TRUE,0,442566.921020508,270774.900920868,0,94.5542945203179,41,"Gigvau",NA
"950",31.875,43.975,NA,NA,NA,NA,"Salmon",NA,NA,NA,66.5643953742026,NA,NA,NA,1,NA,TRUE,0,310717.906795502,164106.926181793,0,127.543501218018,44,"Eilighesh",NA
"951",6.67499999999997,43.765,NA,NA,NA,NA,"Salmon",NA,NA,NA,122.414063267417,NA,NA,NA,1,NA,TRUE,0,829628.810451508,1245976.23317289,0,40.6395411041439,41,"Ganzeits",NA
"954",-15.905,43.025,NA,NA,NA,NA,"Tusque",NA,NA,NA,78.3923943037911,NA,NA,NA,1,NA,TRUE,0,1002489.42683792,416040.405014038,0,37.065769573005,48,"Faxgeix",NA
"955",45.905,42.605,NA,NA,NA,NA,"Salmon",NA,NA,NA,50,NA,NA,NA,1,NA,TRUE,0,423129.594116211,10644.6525382996,0,93.2718821853395,43,"Thozkhear",NA
"956",-65.925,42.345,NA,NA,NA,NA,"Canada",NA,NA,NA,77.2365676440557,NA,NA,NA,1,NA,TRUE,0,77959.7326278687,230782.368789673,0,149.877276561901,4,"Eptsae",NA
"957",31.935,42.345,NA,NA,NA,NA,"Salmon",NA,NA,NA,65.2110010236606,NA,NA,NA,1,NA,TRUE,0,776407.80865097,200577.49489975,0,68.213742279595,44,"Utlighor",NA
"958",56.315,41.935,NA,NA,NA,NA,"Salmon",NA,NA,NA,113.158338208371,NA,NA,NA,1,NA,TRUE,0,597304.358196259,657374.109222412,0.000722492721987349,52.7601728302171,39,"Smawam",NA
"960",-94.285,41.805,NA,NA,NA,NA,"Canada",NA,NA,NA,137.931822933007,NA,NA,NA,1,NA,TRUE,0,450273.658416748,1406049.1397934,0.000681616939773516,26.9483488632354,2,"Domoan",NA
"961",-115.835,41.665,NA,NA,NA,NA,"Canada",NA,NA,NA,198.817182924112,NA,NA,NA,1,NA,TRUE,0,847780.705970764,2135187.25555801,0.00814684812679467,13.2302183799675,1,"Wenghaem",NA
"962",2.51499999999997,41.565,NA,NA,NA,NA,"Salmon",NA,NA,NA,50,NA,NA,NA,1,NA,TRUE,0,285784.227165222,58423.2333221436,0,111.703520316292,41,"Hovo",NA
"963",-98.095,41.425,NA,NA,NA,NA,"Canada",NA,NA,NA,124.186057601063,NA,NA,NA,1,NA,TRUE,0,975445.240791321,1807351.11376953,2.14749820962091e-05,15.4430952650541,2,"Ruri",NA
"965",-72.215,40.775,NA,NA,NA,NA,"Canada",NA,NA,NA,177.361309742938,NA,NA,NA,1,NA,TRUE,0,1051614.73601532,4383222.0984726,0,14.9375658142917,6,"Gamgeinon",NA
"967",-57.375,40.565,NA,NA,NA,NA,"Canada",NA,NA,NA,50,NA,NA,NA,1,NA,TRUE,0,42456.6188812256,19801.1668395996,0.00235267048537983,158.248662545233,4,"Ezmbi",NA
"969",30.155,40.455,NA,NA,NA,NA,"Salmon",NA,NA,NA,50,NA,NA,NA,1,NA,TRUE,0,317807.918197632,0,0,115.565353380722,44,"Utligh",NA
"970",-47.405,40.385,NA,NA,NA,NA,"Canada",NA,NA,NA,66.6793865009323,NA,NA,NA,1,NA,TRUE,0,187783.339172363,129575.174301147,0.000511743559144603,109.781543393265,3,"Keghoash",NA
"971",-55.595,40.205,NA,NA,NA,NA,"Canada",NA,NA,NA,76.4903940297239,NA,NA,NA,1,NA,TRUE,0,247763.721839905,138918.84627533,0.00284696663272229,69.5619787982192,4,"Epaets",NA
"973",-97.645,40.105,NA,NA,NA,NA,"Canada",NA,NA,NA,50,NA,NA,NA,1,NA,TRUE,0,19638.9236755371,0,0.000764280355055381,135.667124561758,2,"Potsip",NA
"974",41.635,40.035,NA,NA,NA,NA,"Salmon",NA,NA,NA,126.329435381534,NA,NA,NA,1,NA,TRUE,0,290006.804351807,1329238.42324257,0,42.1662116836544,45,"Heifeiph",NA
"975",-98.245,40.015,NA,NA,NA,NA,"Canada",NA,NA,NA,128.803012415364,NA,NA,NA,1,NA,TRUE,0,690773.736549377,1790521.46112823,0,21.261061254681,2,"Modioren",NA
"976",-11.605,40.015,NA,NA,NA,NA,"Tusque",NA,NA,NA,50,NA,NA,NA,1,NA,TRUE,0,208934.156677246,0,0,107.049745836902,48,"Thnefax",NA
"978",61.335,39.945,NA,NA,NA,NA,"Salmon",NA,NA,NA,63.7128019171016,NA,NA,NA,1,NA,TRUE,0,32569.3471641541,108257.801242828,0,252.311546292424,39,"Pesauydra",NA
"981",39.545,39.605,NA,NA,NA,NA,"Salmon",NA,NA,NA,121.418424813633,NA,NA,NA,1,NA,TRUE,0,227551.701824188,951807.214580536,0,79.3309436740298,45,"Nikhduw",NA
"982",-47.245,39.355,NA,NA,NA,NA,"Canada",NA,NA,NA,187.640003336572,NA,NA,NA,1,NA,TRUE,0,1092003.98319244,4476076.29596329,2.01724639496835e-05,19.8166460749175,3,"Okeghira",NA
"983",-87.165,39.285,NA,NA,NA,NA,"Canada",NA,NA,NA,67.5982998093421,NA,NA,NA,1,NA,TRUE,0,237950.799621582,246306.948165894,3.22051617442316e-05,48.8771032313354,6,"Megheon",NA
"984",41.485,39.135,NA,NA,NA,NA,"Salmon",NA,NA,NA,50,NA,NA,NA,1,NA,TRUE,0,21000.1740150452,0,0.00289041177240154,243.426535051596,45,"Feiphuch",NA
"985",41.475,39.125,NA,NA,NA,NA,"Salmon",NA,NA,NA,50,NA,NA,NA,1,NA,TRUE,0,0,0,0.00360547253398637,272.11092171804,45,"Chaehei",NA
"988",-38.945,38.955,NA,NA,NA,NA,"Canada",NA,NA,NA,50,NA,NA,NA,1,NA,TRUE,0,496246.730102539,0,0.000207033182641489,56.8873261714217,3,"Faeneix",NA
"989",41.925,38.905,NA,NA,NA,NA,"Salmon",NA,NA,NA,50,NA,NA,NA,1,NA,TRUE,0,1008.92197418213,0,0.00144955100936913,59.1615088339671,45,"Cheiwphu",NA
"990",41.935,38.905,NA,NA,NA,NA,"Salmon",NA,NA,NA,50,NA,NA,NA,1,NA,TRUE,0,934.079193115234,0,0.000730463422448842,58.7740798111831,45,"Heitsuts",NA
"991",41.945,38.905,NA,NA,NA,NA,"Salmon",NA,NA,NA,50,NA,NA,NA,1,NA,TRUE,0,134540.676519394,89652.7486953735,9.02267045127067e-06,58.3975153465564,45,"Nikhfakh",NA
"993",41.935,38.865,NA,NA,NA,NA,NA,NA,NA,NA,50,NA,NA,NA,1,NA,TRUE,0,0,0,0,61.303805310597,45,"Chutsauth",NA
"994",41.925,38.855,NA,NA,NA,NA,"Salmon",NA,NA,NA,50,NA,NA,NA,1,NA,TRUE,0,155392.067775726,58230.0957260132,0.000722727190276455,62.0180479582038,45,"Ofnikh",NA
"995",-94.995,38.835,NA,NA,NA,NA,"Canada",NA,NA,NA,78.0385549807273,NA,NA,NA,1,NA,TRUE,0,93187.0219345093,123423.080581665,0.0022216319779061,129.358061201444,2,"Ditso",NA
"996",-80.395,38.835,NA,NA,NA,NA,"Canada",NA,NA,NA,140.282369796977,NA,NA,NA,1,NA,TRUE,0,158294.953865051,383573.106613159,0.0149527504269836,69.9631738683787,6,"Kaimeon",NA
"997",57.045,38.685,NA,NA,NA,NA,"Salmon",NA,NA,NA,118.887237908319,NA,NA,NA,1,NA,TRUE,0,900436.492481232,1423226.00588989,0,23.2121212405334,39,"Sauwe",NA
"999",-75.905,38.445,NA,NA,NA,NA,"Canada",NA,NA,NA,7376.16180528839,NA,NA,NA,4,NA,TRUE,0,862486.462799072,2892475.96918488,0,0,57,"Nyeyonai",NA
"1000",-75.115,38.425,NA,NA,NA,NA,"Canada",NA,NA,NA,50.2148052553499,NA,NA,NA,1,NA,TRUE,0,54713.0038223267,67655.3975982666,0,143.730699796757,6,"Geinraib",NA
"1001",19.975,38.355,NA,NA,NA,NA,"Tusque",NA,NA,NA,50,NA,NA,NA,1,NA,TRUE,0,322429.653244019,0,0,64.0756162041904,41,"Niga",NA
"1002",-112.505,38.275,NA,NA,NA,NA,"Canada",NA,NA,NA,139.740213542318,NA,NA,NA,1,NA,TRUE,0,674615.987850189,2989306.76774216,0,8.7264351571024,1,"Vetkhaid",NA
"1003",53.765,38.205,NA,NA,NA,NA,"Salmon",NA,NA,NA,54.7321134654853,NA,NA,NA,1,NA,TRUE,0,436353.366184235,137549.415435791,5.30854314465355e-07,52.2572220286786,39,"Gheirdpe",NA
"1004",12.555,38.115,NA,NA,NA,NA,"Salmon",NA,NA,NA,110.752440119036,NA,NA,NA,1,NA,TRUE,0,570453.08247757,770776.147247314,0,75.0450739228038,41,"Haugan",NA
"1005",-88.595,37.895,NA,NA,NA,NA,"Canada",NA,NA,NA,90.0287084859345,NA,NA,NA,1,NA,TRUE,0,645555.264289856,727865.230697632,2.54810070943371e-05,20.5076825972652,6,"Baughe",NA
"1007",-114.585,37.775,NA,NA,NA,NA,"Canada",NA,NA,NA,102.688981135968,NA,NA,NA,1,NA,TRUE,0,389042.758560181,439948.601921082,0.00431970703208832,19.4303274779987,1,"Wenvaed",NA
"1008",-83.155,37.755,NA,NA,NA,NA,"Canada",NA,NA,NA,88.9991592795178,NA,NA,NA,1,NA,TRUE,0,324474.109146118,278911.889656067,0.00233123019354357,41.1705464042488,6,"Ghageghon",NA
"1009",45.905,37.715,NA,NA,NA,NA,"Salmon",NA,NA,NA,157.052492882198,NA,NA,NA,1,NA,TRUE,0,652611.029060364,2351031.31915283,0,38.3011960822714,39,"Wesma",NA
"1010",-56.865,37.655,NA,NA,NA,NA,"Canada",NA,NA,NA,130.002893380837,NA,NA,NA,1,NA,TRUE,0,503061.156471252,1542054.16259766,0,34.1454931762398,4,"Epkaetsor",NA
"1014",32.635,37.155,NA,NA,NA,NA,"Tusque",NA,NA,NA,50,NA,NA,NA,1,NA,TRUE,0,0,0,0.000899267208704312,92.1160837360924,40,"Xaibship",NA
"1015",32.625,37.145,NA,NA,NA,NA,"Tusque",NA,NA,NA,86.6637520899123,NA,NA,NA,1,NA,TRUE,0,228476.006141663,382616.079360962,0,90.2989979857069,40,"Laithmai",NA
"1016",32.635,37.145,NA,NA,NA,NA,"Tusque",NA,NA,NA,50,NA,NA,NA,1,NA,TRUE,0,0,0,0.00055208848704397,90.974537466543,40,"Vaeshfub",NA
"1017",60.805,37.075,NA,NA,NA,NA,"Salmon",NA,NA,NA,50,NA,NA,NA,1,NA,TRUE,0,322447.85464859,59640.544921875,0,87.0596334699311,39,"Wamrip",NA
"1018",55.045,36.975,NA,NA,NA,NA,"Salmon",NA,NA,NA,50,NA,NA,NA,1,NA,TRUE,0,179155.65902853,43515.7724018097,8.31671759329057e-06,46.1137760982818,39,"Weidan",NA
"1019",11.835,36.865,NA,NA,NA,NA,"Tusque",NA,NA,NA,2500.53377851493,NA,NA,NA,5,NA,TRUE,0,214589.81606102,754364.927539825,0,0,58,"Kuzkei",NA
"1020",11.835,36.775,NA,NA,NA,NA,"Tusque",NA,NA,NA,3289.99951322581,NA,NA,NA,5,NA,TRUE,0,592165.966346741,1516383.40213013,0,0,58,"Zeikkuz",NA
"1021",-112.725,36.765,NA,NA,NA,NA,"Canada",NA,NA,NA,84.9145862394139,NA,NA,NA,1,NA,TRUE,0,509940.778278351,741947.130397797,1.06170862893071e-06,13.7216526634582,1,"Vaedpai",NA
"1022",66.305,36.645,NA,NA,NA,NA,"Salmon",NA,NA,NA,50,NA,NA,NA,1,NA,TRUE,0,54914.4389152527,0,0,222.330266314733,39,"Gheirwei",NA
"1023",34.705,36.265,NA,NA,NA,NA,"Salmon",NA,NA,NA,50,NA,NA,NA,1,NA,TRUE,0,354930.764915466,48336.2379112244,0,53.3952659212612,40,"Nkaixe",NA
"1024",-81.635,36.015,NA,NA,NA,NA,"Canada",NA,NA,NA,68.1142774527655,NA,NA,NA,1,NA,TRUE,0,338532.387390137,250997.41683197,0.000238392477620913,34.9676493230387,6,"Kaigheon",NA
"1025",37.745,35.755,NA,NA,NA,NA,"Salmon",NA,NA,NA,50,NA,NA,NA,1,NA,TRUE,0,63038.5754699707,0,5.30854314465355e-07,212.133908584871,40,"Shipxaev",NA
"1026",48.625,35.685,NA,NA,NA,NA,"Salmon",NA,NA,NA,112.41003992805,NA,NA,NA,1,NA,TRUE,0,268941.984607697,744333.051635265,0.00030913416245699,55.3946579806055,39,"Danwaydra",NA
"1027",49.815,35.425,NA,NA,NA,NA,"Salmon",NA,NA,NA,102.856037791837,NA,NA,NA,1,NA,TRUE,0,280825.877366543,823377.643024445,0,38.2868657377365,39,"Ripdpe",NA
"1029",36.585,35.065,NA,NA,NA,NA,"Salmon",NA,NA,NA,50,NA,NA,NA,1,NA,TRUE,0,121748.857919216,0,0,90.9454271470836,40,"Nkaiflu",NA
"1030",-31.495,34.695,NA,NA,NA,NA,"Banff",NA,NA,NA,184.350022909643,NA,NA,NA,1,NA,TRUE,0,1115640.0477562,4083549.64438581,0,23.8717689606254,36,"Heihi",NA
"1031",-4.94500000000002,34.635,NA,NA,NA,NA,"Tusque",NA,NA,NA,150.722227762571,NA,NA,NA,1,NA,TRUE,0,1035795.70198822,2072629.16661453,0,41.1276181106499,41,"Veingzei",NA
"1032",-82.995,34.455,NA,NA,NA,NA,"Canada",NA,NA,NA,73.4275691304281,NA,NA,NA,1,NA,TRUE,0,140481.790550232,233680.593162537,0,103.583884501217,6,"Geinhei",NA
"1033",8.61499999999997,33.985,NA,NA,NA,NA,"Tusque",NA,NA,NA,116.660009363314,NA,NA,NA,1,NA,TRUE,0,519067.080810547,853042.329360962,0,81.2388990304228,41,"Zeivo",NA
"1034",66.625,33.965,NA,NA,NA,NA,"Salmon",NA,NA,NA,54.7361435202362,NA,NA,NA,1,NA,TRUE,0,81095.7961235046,94596.7377738953,0,123.905101634283,39,"Peweydra",NA
"1035",60.205,33.855,NA,NA,NA,NA,"Salmon",NA,NA,NA,129.87762855824,NA,NA,NA,1,NA,TRUE,0,461170.857467651,1504604.55800247,0,36.2799826578903,39,"Ripwe",NA
"1036",-78.175,33.665,NA,NA,NA,NA,"Canada",NA,NA,NA,50,NA,NA,NA,1,NA,TRUE,0,482773.755905151,8579.06517028809,0,17.059101666296,6,"Geghrau",NA
"1037",-55.385,33.635,NA,NA,NA,NA,"Canada",NA,NA,NA,80.7049823748201,NA,NA,NA,1,NA,TRUE,0,508533.408683777,172992.858200073,0.00545392872948625,32.8716589734807,4,"Baupau",NA
"1038",-26.645,33.345,NA,NA,NA,NA,"Banff",NA,NA,NA,120.268349347885,NA,NA,NA,1,NA,TRUE,0,424984.558494568,1116739.98478699,0,48.4889125153939,36,"Nledeth",NA
"1039",2.18499999999997,33.295,NA,NA,NA,NA,"Tusque",NA,NA,NA,98.8591419578964,NA,NA,NA,1,NA,TRUE,0,1056677.40008545,613327.050544739,1.44089028212025e-05,62.1530478155782,41,"Sheitsvau",NA
"1040",31.155,32.935,NA,NA,NA,NA,"Tusque",NA,NA,NA,89.3603114168301,NA,NA,NA,1,NA,TRUE,0,390547.118591309,500129.872787476,0,55.4275710277958,53,"Gaune",NA
"1041",31.155,32.925,NA,NA,NA,NA,"Tusque",NA,NA,NA,50,NA,NA,NA,1,NA,TRUE,0,42891.2460174561,4271.19227600098,0.000722492721987349,55.5105642086889,53,"Fengrau",NA
"1042",31.165,32.925,NA,NA,NA,NA,"Tusque",NA,NA,NA,50,NA,NA,NA,1,NA,TRUE,0,350598.51222229,5385.57172775269,0.00216429304007525,55.6618073473851,53,"Lvaila",NA
"1044",30.915,32.815,NA,NA,NA,NA,"Tusque",NA,NA,NA,199.249502127174,NA,NA,NA,1,NA,TRUE,0,858014.645599365,3741354.12087631,0,51.7870263913671,53,"Laal",NA
"1045",-108.575,32.775,NA,NA,NA,NA,"Canada",NA,NA,NA,249.919032161322,NA,NA,NA,6,NA,TRUE,0,53178.9379577637,98006.0461997986,0,0,59,"Ziri",NA
"1046",-57.045,32.765,NA,NA,NA,NA,"Canada",NA,NA,NA,50,NA,NA,NA,1,NA,TRUE,0,100289.076820374,0,0.0060230045545931,112.375269611239,4,"Tsaektsae",NA
"1047",0.154999999999973,32.735,NA,NA,NA,NA,"Tusque",NA,NA,NA,50,NA,NA,NA,1,NA,TRUE,0,323338.160552979,7062.80210113525,0.000431407606222176,69.8155206420297,41,"Voni",NA
"1048",1.13499999999998,32.465,NA,NA,NA,NA,"Tusque",NA,NA,NA,50,NA,NA,NA,1,NA,TRUE,0,845926.763839722,4706.82006072998,0.000282591446733724,56.005017878395,41,"Nizeichai",NA
"1049",-103.285,31.685,NA,NA,NA,NA,"Canada",NA,NA,NA,67.5522121274986,NA,NA,NA,1,NA,TRUE,0,84125.0504837036,117550.711357117,0.00144392373534577,77.4158280472214,1,"Wenvi",NA
"1050",-104.575,29.885,NA,NA,NA,NA,"Canada",NA,NA,NA,110.042466899686,NA,NA,NA,1,NA,TRUE,0,489739.234283447,654640.281906128,0.00216429304007525,19.9143703432961,1,"Viwael",NA
"1051",12.375,29.685,NA,NA,NA,NA,"Tusque",NA,NA,NA,67.9701605698173,NA,NA,NA,1,NA,TRUE,0,510706.481834412,223480.468734741,0,68.9614448571565,41,"Vogaumath",NA
"1052",15.145,29.235,NA,NA,NA,NA,"Tusque",NA,NA,NA,50,NA,NA,NA,1,NA,TRUE,0,550506.182937622,0,0,88.7601201363491,41,"Ganvau",NA
"1053",12.045,29.225,NA,NA,NA,NA,"Tusque",NA,NA,NA,50,NA,NA,NA,1,NA,TRUE,0,12602.1302947998,0,0.000296570610347979,263.007790148164,41,"Gannachai",NA
"1054",-27.615,29.195,NA,NA,NA,NA,"Banff",NA,NA,NA,110.05881797111,NA,NA,NA,1,NA,TRUE,0,436704.579883575,1015676.90896225,0,34.4267933162728,36,"Eidung",NA
"1055",22.905,29.155,NA,NA,NA,NA,"Tusque",NA,NA,NA,185.496142563535,NA,NA,NA,1,NA,TRUE,0,600816.945388794,2783672.13459015,0,73.4017069681694,41,"Gaumshaug",NA
"1056",17.665,28.905,NA,NA,NA,NA,"Tusque",NA,NA,NA,97.5849814233356,NA,NA,NA,1,NA,TRUE,0,570461.93724823,387784.90978241,0.000480119809268594,96.8573222726489,41,"Nigan",NA
"1057",32.755,28.775,NA,NA,NA,NA,"Tusque",NA,NA,NA,50,NA,NA,NA,1,NA,TRUE,0,94186.0326690674,27574.4814147949,0,158.665676638005,54,"Waekhgei",NA
"1058",44.365,28.615,NA,NA,NA,NA,"Tusque",NA,NA,NA,119.241905014205,NA,NA,NA,1,NA,TRUE,0,825293.622528076,1121989.26141357,0,45.1958581652173,39,"Pedpe",NA
"1059",34.485,27.305,NA,NA,NA,NA,"Tusque",NA,NA,NA,50,NA,NA,NA,1,NA,TRUE,0,272677.480117798,0,0,69.2072994871286,54,"Rekeus",NA
"1060",34.555,27.195,NA,NA,NA,NA,"Tusque",NA,NA,NA,50,NA,NA,NA,1,NA,TRUE,0,99010.2831192017,0,0.000722492721987349,80.0474048585902,54,"Waekhimai",NA
"1063",9.02499999999996,25.995,NA,NA,NA,NA,"Tusque",NA,NA,NA,128.62512765758,NA,NA,NA,1,NA,TRUE,0,473696.656539917,1258255.4563446,0,55.2214621359488,41,"Vauzeits",NA
"1064",7.12499999999999,25.465,NA,NA,NA,NA,"Tusque",NA,NA,NA,89.6023548703531,NA,NA,NA,1,NA,TRUE,0,581042.081596375,504127.698768616,0,55.2832492053938,41,"Ganhau",NA
"1065",14.065,24.665,NA,NA,NA,NA,"Tusque",NA,NA,NA,139.433864865425,NA,NA,NA,1,NA,TRUE,0,724216.771530151,1730007.94307709,0,39.9859959987776,41,"Gigvoath",NA
"1066",-41.975,23.925,NA,NA,NA,NA,"Banff",NA,NA,NA,50,NA,NA,NA,1,NA,TRUE,0,50899.9075126648,49188.7912025452,0,159.197176628826,35,"Waihghae",NA
"1068",28.955,23.235,NA,NA,NA,NA,"Tusque",NA,NA,NA,53.4941270282584,NA,NA,NA,1,NA,TRUE,0,86837.947845459,135612.623428345,0,46.3821049374419,47,"Peiveipis",NA
"1070",1.70499999999997,21.945,NA,NA,NA,NA,"Tusque",NA,NA,NA,126.146565937958,NA,NA,NA,1,NA,TRUE,0,702967.253410339,1254530.6028595,0,48.837877484162,46,"Vaewau",NA
"1071",17.595,21.885,NA,NA,NA,NA,"Tusque",NA,NA,NA,108.976738237118,NA,NA,NA,1,NA,TRUE,0,167691.07043457,449803.656097412,0.000386360825823257,153.284936786511,46,"Ovyausoi",NA
"1072",34.905,21.465,NA,NA,NA,NA,"Tusque",NA,NA,NA,112.773695709322,NA,NA,NA,1,NA,TRUE,0,225772.652664185,604522.104492188,0,160.622750250384,47,"Aeshang",NA
"1074",15.035,17.665,NA,NA,NA,NA,"Tusque",NA,NA,NA,81.3466375504051,NA,NA,NA,1,NA,TRUE,0,274693.579437256,219326.699150085,0,240.402153571197,46,"Techex",NA
"1075",12.725,17.355,NA,NA,NA,NA,"Centre",NA,NA,NA,107.854669442284,NA,NA,NA,1,NA,TRUE,0,313644.187606812,572105.024650574,0,137.680088761529,46,"Yausyauw",NA
"1076",-41.305,16.945,NA,NA,NA,NA,"Banff",NA,NA,NA,50,NA,NA,NA,1,NA,TRUE,0,280867.731704712,1151.22564697266,0.000722492721987349,71.1030845723673,35,"Romei",NA
"1080",-40.645,16.655,NA,NA,NA,NA,"Banff",NA,NA,NA,131.783399398302,NA,NA,NA,1,NA,TRUE,0,1084615.3227272,1791560.23895836,0,24.7978551827321,35,"Waefae",NA
"1081",36.035,16.655,NA,NA,NA,NA,"Tusque",NA,NA,NA,50,NA,NA,NA,1,NA,TRUE,0,738226.064788818,0,0,102.31102170758,47,"Vaeshang",NA
"1082",4.50499999999998,16.435,NA,NA,NA,NA,"Tusque",NA,NA,NA,50,NA,NA,NA,1,NA,TRUE,0,294175.933319092,33055.717956543,0,148.944602660975,46,"Woxichesh",NA
"1087",4.62499999999999,14.245,NA,NA,NA,NA,"Tusque",NA,NA,NA,189.642541868328,NA,NA,NA,1,NA,TRUE,0,777881.410415649,3340797.14271545,0,51.1267005519491,46,"Veiwo",NA
"1089",26.115,13.875,NA,NA,NA,NA,"Tusque",NA,NA,NA,1215.86422248698,NA,NA,NA,7,NA,TRUE,0,1195264.31625366,476808.561203003,0,0,60,"Kaeza",NA
"1090",18.345,13.335,NA,NA,NA,NA,"Tusque",NA,NA,NA,50,NA,NA,NA,1,NA,TRUE,0,571858.621139526,0,0.000454827129062009,140.993414116091,49,"Veingpuph",NA
"1091",-40.435,13.045,NA,NA,NA,NA,"Banff",NA,NA,NA,83.2079689210517,NA,NA,NA,1,NA,TRUE,0,91219.9140510559,245896.4324646,0,210.601826181856,35,"Baesvoano",NA
"1092",13.645,13.015,NA,NA,NA,NA,"Tusque",NA,NA,NA,135.309228799665,NA,NA,NA,1,NA,TRUE,0,311728.003677368,938474.943374634,0,170.091480704457,46,"Yauswau",NA
"1094",7.60499999999998,12.805,NA,NA,NA,NA,"Tusque",NA,NA,NA,125.27015453894,NA,NA,NA,1,NA,TRUE,0,438896.095291138,660162.089126587,0.000454942147496807,132.6964214852,46,"Izyauw",NA
"1095",18.715,12.275,NA,NA,NA,NA,"Tusque",NA,NA,NA,50,NA,NA,NA,1,NA,TRUE,0,975584.750427246,46918.0785980225,0,103.933801417406,49,"Eigruash",NA
"1096",20.545,12.145,NA,NA,NA,NA,"Tusque",NA,NA,NA,50,NA,NA,NA,1,NA,TRUE,0,322866.231506348,0,0,206.6878658531,49,"Ghaingru",NA
"1097",23.305,11.945,NA,NA,NA,NA,"Tusque",NA,NA,NA,50,NA,NA,NA,1,NA,TRUE,0,491300.154800415,17225.2344055176,0,173.929989054419,49,"Yeinru",NA
"1098",47.615,11.555,NA,NA,NA,NA,"Stockholm",NA,NA,NA,50,NA,NA,NA,1,NA,TRUE,0,175965.462203979,0,0,120.789537948321,31,"Wsaehtsa",NA
"1099",-40.965,10.645,NA,NA,NA,NA,"Banff",NA,NA,NA,101.258317014316,NA,NA,NA,1,NA,TRUE,0,220883.328048706,537557.698951721,0,106.185233764958,35,"Sowai",NA
"1100",46.825,10.555,NA,NA,NA,NA,"Stockholm",NA,NA,NA,50,NA,NA,NA,1,NA,TRUE,0,388753.597915649,34573.2721557617,0,188.60806345578,31,"Wsaetsae",NA
"1101",29.305,10.515,NA,NA,NA,NA,"Tusque",NA,NA,NA,50,NA,NA,NA,1,NA,TRUE,0,884059.736587524,50893.0960998535,0,130.588985819572,51,"Mevmil",NA
"1107",13.685,9.30499999999999,NA,NA,NA,NA,"Tusque",NA,NA,NA,75.8946572794448,NA,NA,NA,1,NA,TRUE,0,844935.803344727,275196.649368286,0,85.8416921350819,46,"Eixovi",NA
"1108",13.315,9.27499999999999,NA,NA,NA,NA,"Tusque",NA,NA,NA,54.2398297072657,NA,NA,NA,1,NA,TRUE,0,235752.086837769,66615.405456543,0.000513336122087999,120.615975279195,46,"Eixko",NA
"1109",23.275,9.11499999999999,NA,NA,NA,NA,"Tusque",NA,NA,NA,50,NA,NA,NA,1,NA,TRUE,0,174137.678939819,5856.39901733398,0,442.630226814507,50,"Khaichaun",NA
"1110",14.795,9.03499999999998,NA,NA,NA,NA,"Tusque",NA,NA,NA,80.9810724799023,NA,NA,NA,1,NA,TRUE,0,119514.461959839,196992.745407104,5.30854314465355e-07,303.344700211445,46,"Izte",NA
"1111",-55.765,9.01499999999999,NA,NA,NA,NA,"Banff",NA,NA,NA,67.0928999297981,NA,NA,NA,1,NA,TRUE,0,732029.077911377,281588.234634399,0,35.3621931631114,35,"Vowae",NA
"1112",20.795,8.42499999999998,NA,NA,NA,NA,"Tusque",NA,NA,NA,90.7708760185744,NA,NA,NA,1,NA,TRUE,0,1146494.82354736,421899.782058716,0,95.7436311156329,50,"Nauwkhai",NA
"1113",40.675,8.40499999999999,NA,NA,NA,NA,"Stockholm",NA,NA,NA,50,NA,NA,NA,1,NA,TRUE,0,1126127.18457031,0,0,88.1239576745652,34,"Meiya",NA
"1114",23.265,8.05499999999999,NA,NA,NA,NA,"Tusque",NA,NA,NA,50,NA,NA,NA,1,NA,TRUE,0,535072.723510742,0,0,170.768935268507,50,"Hnaupau",NA
"1115",20.915,7.80499999999999,NA,NA,NA,NA,"Tusque",NA,NA,NA,76.2022862364194,NA,NA,NA,1,NA,TRUE,0,700949.487915039,154889.719421387,0.000732654790292829,143.888071332877,50,"Auhnau",NA
"1117",42.785,7.16499999999999,NA,NA,NA,NA,"Stockholm",NA,NA,NA,165.291767221534,NA,NA,NA,1,NA,TRUE,0,1507203.36853027,2002959.39738464,0,83.9880334213958,31,"Deiwsae",NA
"1119",38.195,7.05499999999999,NA,NA,NA,NA,"Stockholm",NA,NA,NA,274.283651293654,NA,NA,NA,1,NA,TRUE,0,1051082.81806946,5215363.8139801,0,171.102252181701,34,"Seimwo",NA
"1120",20.525,6.80499999999999,NA,NA,NA,NA,"Tusque",NA,NA,NA,75.3912765686033,NA,NA,NA,1,NA,TRUE,0,433309.877441406,213246.596908569,0,155.009874002107,50,"Hnauwumi",NA
"1121",37.215,6.76499999999999,NA,NA,NA,NA,"Tusque",NA,NA,NA,103.148658449781,NA,NA,NA,1,NA,TRUE,0,721524.487060547,299110.100402832,0.00216436382065052,98.8006893804535,34,"Meimath",NA
"1122",37.705,6.75499999999998,NA,NA,NA,NA,"Tusque",NA,NA,NA,50,NA,NA,NA,1,NA,TRUE,0,248007.164367676,0,0.00144399451592103,81.3220589032567,34,"Wothlas",NA
"1123",37.735,6.72499999999999,NA,NA,NA,NA,"Stockholm",NA,NA,NA,292.457318802201,NA,NA,NA,1,NA,TRUE,0,810248.354507446,5727813.11038208,0.000722492721987349,80.3258012640074,34,"Maellae",NA
"1124",9.45499999999997,6.70499999999998,NA,NA,NA,NA,"Centre",NA,NA,NA,50,NA,NA,NA,1,NA,TRUE,0,331862.329406738,0,0,122.878326920418,46,"Chexvae",NA
"1125",37.905,6.70499999999998,NA,NA,NA,NA,"Stockholm",NA,NA,NA,197.588836644734,NA,NA,NA,1,NA,TRUE,0,638379.862304688,3184574.02156067,0,77.0403060898945,34,"Zeilokis",NA
"1126",9.40499999999999,6.54499999999999,NA,NA,NA,NA,"Centre",NA,NA,NA,104.085267554775,NA,NA,NA,1,NA,TRUE,0,122076.602279663,265895.164413452,0.000722492721987349,310.226036026036,46,"Izeix",NA
"1128",18.095,6.06499999999998,NA,NA,NA,NA,"Tusque",NA,NA,NA,103.046482337863,NA,NA,NA,1,NA,TRUE,0,403672.384246826,527706.46786499,0,125.283806571954,50,"Hnauhuuno",NA
"1129",34.505,6.01499999999999,NA,NA,NA,NA,"Tusque",NA,NA,NA,50,NA,NA,NA,1,NA,TRUE,0,1036084.50982666,0,0,97.8688545379851,51,"Zoleoren",NA
"1131",-51.705,5.64499999999998,NA,NA,NA,NA,"Banff",NA,NA,NA,50,NA,NA,NA,1,NA,TRUE,0,906372.75352478,69183.411239624,0,25.7596649138729,35,"Ghailaen",NA
"1132",13.875,5.52499999999999,NA,NA,NA,NA,"Tusque",NA,NA,NA,55.6210689671762,NA,NA,NA,1,NA,TRUE,0,615463.196029663,119182.726852417,0,81.5511603132825,46,"Kote",NA
"1133",19.885,5.44499999999999,NA,NA,NA,NA,"Tusque",NA,NA,NA,50,NA,NA,NA,1,NA,TRUE,0,685985.637573242,0,0,116.928365006621,50,"Chwaikhai",NA
"1134",-4.19500000000002,5.42499999999998,NA,NA,NA,NA,"Centre",NA,NA,NA,50,NA,NA,NA,1,NA,TRUE,0,597317.399551392,0,0,57.7794349558609,52,"Haenphai",NA
"1135",-4.34500000000003,5.16499999999999,NA,NA,NA,NA,"Centre",NA,NA,NA,50,NA,NA,NA,1,NA,TRUE,0,901719.934844971,0,0,49.6331086303669,52,"Waephau",NA
"1136",21.655,4.60499999999999,NA,NA,NA,NA,"Tusque",NA,NA,NA,50,NA,NA,NA,1,NA,TRUE,0,814841.510345459,40167.8077087402,0,110.431090507244,50,"Ainchauni",NA
"1137",-48.215,4.51499999999999,NA,NA,NA,NA,"Banff",NA,NA,NA,72.221768885383,NA,NA,NA,1,NA,TRUE,0,379294.779727936,286656.612838745,0,55.509343370795,35,"Rowai",NA
"1138",21.345,4.505,NA,NA,NA,NA,"Tusque",NA,NA,NA,53.8348947877913,NA,NA,NA,1,NA,TRUE,0,23397.5081176758,34387.5249786377,0.000722492721987349,335.364125650484,50,"Ainwingi",NA
"1139",20.285,4.19499999999999,NA,NA,NA,NA,"Tusque",NA,NA,NA,50,NA,NA,NA,1,NA,TRUE,0,192019.32572937,34909.4510498047,0,180.57688650461,50,"Ichaun",NA
"1140",-11.075,3.93499999999999,NA,NA,NA,NA,"Centre",NA,NA,NA,50,NA,NA,NA,1,NA,TRUE,0,270292.947235107,33184.4517822266,0,142.491953853897,52,"Aewwaeph",NA
"1141",38.225,3.81499999999998,NA,NA,NA,NA,"Stockholm",NA,NA,NA,94.4912823126448,NA,NA,NA,1,NA,TRUE,0,720727.543960571,400931.168334961,0,142.859139849651,32,"Leiphueth",NA
"1143",-0.105000000000018,3.38499999999999,NA,NA,NA,NA,"Centre",NA,NA,NA,130.36147926045,NA,NA,NA,1,NA,TRUE,0,1065283.59767151,1203822.16882324,0,68.0795304825198,52,"Xaengwain",NA
"1144",18.715,2.83499999999999,NA,NA,NA,NA,"Tusque",NA,NA,NA,81.9162991153683,NA,NA,NA,1,NA,TRUE,0,232987.182678223,249756.752227783,0,182.469177653807,50,"Nauwtau",NA
"1145",46.595,2.36499999999999,NA,NA,NA,NA,"Stockholm",NA,NA,NA,67.4554904375982,NA,NA,NA,1,NA,TRUE,0,64567.9469604492,118616.215423584,0,299.619788902162,32,"Phoyi",NA
"1146",-6.11500000000002,2.35499999999999,NA,NA,NA,NA,"Centre",NA,NA,NA,88.2076104375364,NA,NA,NA,1,NA,TRUE,0,224017.763381958,281331.733261108,0,222.053217609451,52,"Kaexwain",NA
"1147",37.415,2.28499999999998,NA,NA,NA,NA,"Stockholm",NA,NA,NA,83.8166521312309,NA,NA,NA,1,NA,TRUE,0,583417.102371216,297123.733276367,0,137.537611494459,32,"Zeiynit",NA
"1148",29.995,2.14499999999998,NA,NA,NA,NA,"Tusque",NA,NA,NA,50,NA,NA,NA,1,NA,TRUE,0,224612.34173584,0,0,300.497247076975,28,"Rafgaex",NA
"1149",-0.265000000000029,2.06499999999998,NA,NA,NA,NA,"Centre",NA,NA,NA,121.842342258331,NA,NA,NA,1,NA,TRUE,0,561040.60244751,931135.632385254,5.30854314465355e-07,86.0101229129592,52,"Hokaewaza",NA
"1150",-0.0850000000000222,1.84499999999998,NA,NA,NA,NA,"Centre",NA,NA,NA,50,NA,NA,NA,1,NA,TRUE,0,348218.037704468,11421.6255493164,0.000795985786610902,140.223916910432,52,"Auxphai",NA
"1152",40.065,0.99499999999999,NA,NA,NA,NA,"Stockholm",NA,NA,NA,69.0150438169239,NA,NA,NA,1,NA,TRUE,0,135773.76776123,117614.290359497,0,355.913073634745,32,"Phumoor",NA
"1153",44.575,0.814999999999984,NA,NA,NA,NA,"Stockholm",NA,NA,NA,149.353677900144,NA,NA,NA,1,NA,TRUE,0,1170259.69770813,1491584.52488708,0,95.002479371162,32,"Zeimoor",NA
"1155",38.515,0.24499999999999,NA,NA,NA,NA,"Stockholm",NA,NA,NA,151.190675165872,NA,NA,NA,1,NA,TRUE,0,1487161.78833008,1595050.46290588,0,85.9670320141211,32,"Xiphuamir",NA
"1156",19.645,-0.125000000000014,NA,NA,NA,NA,"Tusque",NA,NA,NA,70.0357886884447,NA,NA,NA,1,NA,TRUE,0,450572.586486816,192178.830337524,0,122.218629546297,33,"Aushazano",NA
"1158",52.045,-0.215000000000018,NA,NA,NA,NA,"Stockholm",NA,NA,NA,112.399821181512,NA,NA,NA,1,NA,TRUE,0,644284.058700562,504157.516052246,0.00117955828674203,73.2404594110886,29,"Pleiwaumi",NA
"1159",54.975,-0.355000000000004,NA,NA,NA,NA,"Stockholm",NA,NA,NA,50,NA,NA,NA,1,NA,TRUE,0,950332.917037964,0,0,75.7712689123278,29,"Peizpuw",NA
"1160",52.335,-0.365000000000009,NA,NA,NA,NA,"Stockholm",NA,NA,NA,77.4958073697649,NA,NA,NA,1,NA,TRUE,0,907672.668960571,289560.362731934,8.01590014842687e-05,74.4769143110168,29,"Peigonira",NA
"1161",51.905,-0.385000000000005,NA,NA,NA,NA,"Stockholm",NA,NA,NA,50,NA,NA,NA,1,NA,TRUE,0,885845.87097168,29113.6760559082,0.000472460339874166,70.2938151678088,29,"Weingeiw",NA
"1162",30.955,-0.565000000000012,NA,NA,NA,NA,"Tusque",NA,NA,NA,50,NA,NA,NA,1,NA,TRUE,0,624956.854797363,11261.2467651367,0,131.544379043471,28,"Rafsegi",NA
"1163",46.945,-0.585000000000008,NA,NA,NA,NA,"Stockholm",NA,NA,NA,50,NA,NA,NA,1,NA,TRUE,0,581482.937850952,0,0,104.893907524169,32,"Lomo",NA
"1164",52.865,-0.75500000000001,NA,NA,NA,NA,"Stockholm",NA,NA,NA,50,NA,NA,NA,1,NA,TRUE,0,281269.564651489,0,0.000122096492327032,130.850827109846,29,"Goneiw",NA
"1165",22.265,-0.765000000000015,NA,NA,NA,NA,"Tusque",NA,NA,NA,139.433919431262,NA,NA,NA,1,NA,TRUE,0,739481.13343811,1254432.52157593,0,95.6724037595021,33,"Kanlau",NA
"1166",25.045,-0.935000000000016,NA,NA,NA,NA,"Tusque",NA,NA,NA,104.730084015842,NA,NA,NA,1,NA,TRUE,0,1089990.38392639,717203.658447266,0,62.4035245563239,33,"Kokikan",NA
"1167",-59.915,-1.23500000000001,NA,NA,NA,NA,"Banff",NA,NA,NA,53.3777198587627,NA,NA,NA,1,NA,TRUE,0,581954.353214264,140504.720905304,0,42.0199836246387,37,"Roxriila",NA
"1168",4.51499999999997,-1.32500000000002,NA,NA,NA,NA,"Centre",NA,NA,NA,50,NA,NA,NA,1,NA,TRUE,0,296290.145385742,0,0,178.701375459085,55,"Longteng",NA
"1169",50.725,-1.63500000000001,NA,NA,NA,NA,"Stockholm",NA,NA,NA,86.1802362313941,NA,NA,NA,1,NA,TRUE,0,569157.587219238,218965.363861084,0.00094934446570221,119.836402610912,29,"Baulpuwi",NA
"1171",23.365,-1.81500000000001,NA,NA,NA,NA,"Tusque",NA,NA,NA,50,NA,NA,NA,1,NA,TRUE,0,348806.785644531,0,0,119.934028598693,33,"Auszoan",NA
"1172",4.16499999999998,-2.16500000000001,NA,NA,NA,NA,"Centre",NA,NA,NA,70.5421245279755,NA,NA,NA,1,NA,TRUE,0,1110981.15661621,229388.448165894,0,82.9182997362217,55,"Aixtsaig",NA
"1173",43.965,-2.52500000000001,NA,NA,NA,NA,"Stockholm",NA,NA,NA,55.260436033261,NA,NA,NA,1,NA,TRUE,0,186521.874557495,65986.7780303955,0,287.111710725946,32,"Xilei",NA
"1174",29.375,-3.13500000000001,NA,NA,NA,NA,"Tusque",NA,NA,NA,140.750054558681,NA,NA,NA,1,NA,TRUE,0,575156.624664307,1110385.88645935,0,141.341790709586,28,"Raemsugi",NA
"1175",24.385,-3.30500000000001,NA,NA,NA,NA,"Tusque",NA,NA,NA,222.869783439756,NA,NA,NA,1,NA,TRUE,0,1041270.42858887,4404827.90180969,0,69.1213102942912,33,"Saukaz",NA
"1177",-61.045,-3.54500000000002,NA,NA,NA,NA,"Banff",NA,NA,NA,50,NA,NA,NA,1,NA,TRUE,0,162766.099578857,6905.59784698486,0,68.4165451724938,37,"Xitho",NA
"1178",1.77499999999998,-3.715,NA,NA,NA,NA,"Centre",NA,NA,NA,91.3745846606508,NA,NA,NA,1,NA,TRUE,0,1016382.22329712,459169.417648315,0,80.403393030436,55,"Tsaigteng",NA
"1179",23.505,-3.95500000000001,NA,NA,NA,NA,"Tusque",NA,NA,NA,74.5494274939373,NA,NA,NA,1,NA,TRUE,0,178045.875061035,110795.862731934,0.000731289736341347,272.321569601227,33,"Ikzoan",NA
"1180",49.555,-4.00500000000001,NA,NA,NA,NA,"Stockholm",NA,NA,NA,194.980031159687,NA,NA,NA,1,NA,TRUE,0,309638.65234375,1884150.73001099,0.00183144738490548,62.451962803197,29,"Puwgon",NA
"1181",49.575,-4.00500000000001,NA,NA,NA,NA,"Stockholm",NA,NA,NA,50,NA,NA,NA,1,NA,TRUE,0,410897.697250366,61365.6141357422,0.000332845655169778,62.6282716863377,29,"Baulgoni",NA
"1182",49.565,-4.01500000000001,NA,NA,NA,NA,"Stockholm",NA,NA,NA,93.3095955771766,NA,NA,NA,1,NA,TRUE,0,351733.827255249,311601.78692627,0.00144445458966023,62.5391008170918,29,"Rbaubau",NA
"1184",37.485,-4.33500000000001,NA,NA,NA,NA,"Stockholm",NA,NA,NA,191.160760717186,NA,NA,NA,1,NA,TRUE,0,1115859.88650513,2511931.35664368,0,119.3483035566,28,"Rafvu",NA
"1185",27.645,-4.39500000000001,NA,NA,NA,NA,"Stockholm",NA,NA,NA,269.5498486023,NA,NA,NA,1,NA,TRUE,0,1510568.82312012,6138737.7328949,0,94.9527922926882,28,"Rafgang",NA
"1186",49.315,-4.80500000000001,NA,NA,NA,NA,"Stockholm",NA,NA,NA,274.950408414062,NA,NA,NA,1,NA,TRUE,0,1477102.98930359,7827013.05569458,0,52.8730642983293,29,"Beiweiwai",NA
"1188",52.195,-5.48500000000001,NA,NA,NA,NA,"Stockholm",NA,NA,NA,272.083124573639,NA,NA,NA,1,NA,TRUE,0,1066330.36390686,7942245.68481445,0,47.1569655190364,29,"Puwplei",NA
"1190",36.955,-5.50500000000001,NA,NA,NA,NA,"Stockholm",NA,NA,NA,50,NA,NA,NA,1,NA,TRUE,0,100813.647232056,0,0.000722598892850242,350.561277492611,28,"Sugraem",NA
"1194",28.095,-6.16500000000001,NA,NA,NA,NA,"Stockholm",NA,NA,NA,51.2181261951449,NA,NA,NA,1,NA,TRUE,0,879245.238494873,77641.8432159424,0,122.503303315209,28,"Yauvhei",NA
"1195",22.105,-6.38500000000001,NA,NA,NA,NA,"Stockholm",NA,NA,NA,50,NA,NA,NA,1,NA,TRUE,0,531020.314376831,20136.7005615234,0,84.8828565581365,33,"Kanznau",NA
"1196",-60.205,-6.45500000000001,NA,NA,NA,NA,"Banff",NA,NA,NA,59.3531075664551,NA,NA,NA,1,NA,TRUE,0,237532.398189545,125805.119319916,0,111.123738266212,37,"Roxphiphi",NA
"1197",35.115,-6.54500000000002,NA,NA,NA,NA,"Stockholm",NA,NA,NA,218.860950821553,NA,NA,NA,1,NA,TRUE,0,1529094.34976196,3802346.48417664,0,92.9012019476628,28,"Seghav",NA
"1198",2.16499999999998,-6.62500000000001,NA,NA,NA,NA,"Centre",NA,NA,NA,60.1844425723669,NA,NA,NA,1,NA,TRUE,0,723189.787322998,165812.534103394,0,63.3254368092772,55,"Ghaighach",NA
"1199",1.79499999999997,-6.72500000000001,NA,NA,NA,NA,"Centre",NA,NA,NA,50,NA,NA,NA,1,NA,TRUE,0,88586.3889160156,0,0,139.477673354775,55,"Aippai",NA
"1200",-2.87500000000003,-6.78500000000001,NA,NA,NA,NA,"Centre",NA,NA,NA,122.426164475123,NA,NA,NA,1,NA,TRUE,0,235654.279495239,686067.10017395,0,199.550934003525,52,"Aewtsau",NA
"1201",48.205,-6.93500000000002,NA,NA,NA,NA,"Stockholm",NA,NA,NA,187.272149173478,NA,NA,NA,1,NA,TRUE,0,928788.3175354,2684426.73278809,0,86.5431117639138,30,"Phuozi",NA
"1202",-74.055,-7.02500000000001,NA,NA,NA,NA,"Adirondaq",NA,NA,NA,66.4523326007426,NA,NA,NA,1,NA,TRUE,0,99371.9279785156,156415.330001831,0,141.500955929052,25,"Bexebaza",NA
"1203",32.225,-7.45500000000001,NA,NA,NA,NA,"Stockholm",NA,NA,NA,183.405718045825,NA,NA,NA,1,NA,TRUE,0,1650004.89698792,2629900.71408081,0,79.6521863981308,28,"Lumgaex",NA
"1205",42.825,-7.825,NA,NA,NA,NA,"Stockholm",NA,NA,NA,50,NA,NA,NA,1,NA,TRUE,0,362035.918807983,0,0,174.412388516584,30,"Phuphae",NA
"1206",25.985,-8.04500000000002,NA,NA,NA,NA,"Stockholm",NA,NA,NA,94.6916935048447,NA,NA,NA,1,NA,TRUE,0,1066840.49526978,427288.651062012,0.00016314922597902,91.9517024036246,28,"Sughavemi",NA
"1207",40.195,-8.105,NA,NA,NA,NA,"Stockholm",NA,NA,NA,155.946270490764,NA,NA,NA,1,NA,TRUE,0,1445693.36683655,1698282.78329468,0,89.2154547110172,30,"Phuanarin",NA
"1208",42.945,-8.12500000000001,NA,NA,NA,NA,"Stockholm",NA,NA,NA,84.2175678357382,NA,NA,NA,1,NA,TRUE,0,285212.526000977,266024.547363281,0,187.54331296082,30,"Phaan",NA
"1209",1.86499999999998,-8.15500000000002,NA,NA,NA,NA,"Centre",NA,NA,NA,60.88688751487,NA,NA,NA,1,NA,TRUE,0,627514.086120605,154258.829879761,0,81.4362036596659,55,"Aulongoi",NA
"1210",32.945,-8.17500000000001,NA,NA,NA,NA,"Stockholm",NA,NA,NA,53.1931613771663,NA,NA,NA,1,NA,TRUE,0,373273.626403809,59338.7813720703,0.000240955003142888,184.815464621997,28,"Gangxa",NA
"1211",30.375,-8.18500000000002,NA,NA,NA,NA,"Stockholm",NA,NA,NA,87.276560701537,NA,NA,NA,1,NA,TRUE,0,1462569.94703674,427154.84336853,0,71.2723940501297,28,"Yauvsug",NA
"1213",59.035,-9.40500000000002,NA,NA,NA,NA,"Stockholm",NA,NA,NA,130.018782986054,NA,NA,NA,1,NA,TRUE,0,322182.209365845,656157.398956299,0.000709044412687564,136.05671292629,14,"Vaevain",NA
"1214",42.525,-9.81500000000001,NA,NA,NA,NA,"Stockholm",NA,NA,NA,50,NA,NA,NA,1,NA,TRUE,0,164227.343795776,24137.7251586914,4.24683451572284e-06,350.249645034478,30,"Ozpomi",NA
"1215",54.715,-10.035,NA,NA,NA,NA,"Stockholm",NA,NA,NA,50,NA,NA,NA,1,NA,TRUE,0,452796.015075684,0,0.000722644394648625,114.220362518123,14,"Khavtaus",NA
"1216",54.055,-10.505,NA,NA,NA,NA,"Stockholm",NA,NA,NA,136.36501540207,NA,NA,NA,1,NA,TRUE,0,1484955.61505127,1424250.97692871,0,58.4813833580265,14,"Timvain",NA
"1217",44.185,-10.585,NA,NA,NA,NA,"Stockholm",NA,NA,NA,199.288443247951,NA,NA,NA,1,NA,TRUE,0,1512391.69844055,3149243.53163147,0,84.1800658820089,30,"Aeshzup",NA
"1219",59.065,-10.905,NA,NA,NA,NA,"Stockholm",NA,NA,NA,50,NA,NA,NA,1,NA,TRUE,0,538042.462142944,0,0,77.6297742955347,14,"Khavi",NA
"1222",20.495,-11.175,NA,NA,NA,NA,"Stockholm",NA,NA,NA,50,NA,NA,NA,1,NA,TRUE,0,780927.005279541,57252.3146362305,0.00061950698498107,81.2386956685503,28,"Shaessu",NA
"1224",37.055,-11.575,NA,NA,NA,NA,"Stockholm",NA,NA,NA,128.399839571415,NA,NA,NA,1,NA,TRUE,0,1063747.33514404,1017059.33004761,0,96.6631612390157,30,"Shaepha",NA
"1227",70.955,-11.665,NA,NA,NA,NA,"Kiliman",NA,NA,NA,112.637527695082,NA,NA,NA,1,NA,TRUE,0,1471399.77412415,1063866.58309937,0,35.5259120692256,11,"Shxihim",NA
"1228",-2.72500000000002,-11.705,NA,NA,NA,NA,"Centre",NA,NA,NA,89.0302273204231,NA,NA,NA,1,NA,TRUE,0,439719.296325684,404198.051086426,0,93.9233763173224,52,"Aewaukh",NA
"1229",49.235,-11.755,NA,NA,NA,NA,"Stockholm",NA,NA,NA,220.441683416898,NA,NA,NA,1,NA,TRUE,0,1498503.1124115,4879216.02423096,0,47.8935833607338,30,"Taephae",NA
"1230",19.825,-12.025,NA,NA,NA,NA,"Stockholm",NA,NA,NA,50,NA,NA,NA,1,NA,TRUE,0,1488879.5269165,37610.5006561279,0,59.2482419813858,28,"Fuvsu",NA
"1234",50.615,-12.865,NA,NA,NA,NA,"Stockholm",NA,NA,NA,50,NA,NA,NA,1,NA,TRUE,0,1289819.31138611,0,0.000771523826526705,76.090575550752,14,"Khitsgius",NA
"1235",-78.145,-12.955,NA,NA,NA,NA,"Adirondaq",NA,NA,NA,50,NA,NA,NA,1,NA,TRUE,0,411098.101783752,0,0,43.1139596747887,22,"Thaiphlei",NA
"1236",-60.555,-13.255,NA,NA,NA,NA,"Banff",NA,NA,NA,191.787249070572,NA,NA,NA,1,NA,TRUE,0,952575.060745239,4236720.42419434,0,28.0827153449139,25,"Nakthaeng",NA
"1237",-59.975,-13.285,NA,NA,NA,NA,"Banff",NA,NA,NA,128.095944145806,NA,NA,NA,1,NA,TRUE,0,967957.701629639,1377648.26800156,0,42.0179123859026,25,"Vauxeb",NA
"1238",-49.885,-13.405,NA,NA,NA,NA,"Adirondaq",NA,NA,NA,106.507854608247,NA,NA,NA,1,NA,TRUE,0,279138.51991272,643898.336074829,0,92.8445288910743,19,"Thaytai",NA
"1240",51.115,-13.435,NA,NA,NA,NA,"Stockholm",NA,NA,NA,50,NA,NA,NA,1,NA,TRUE,0,265661.941802979,0,6.19330033542915e-06,113.383779960411,14,"Khitswae",NA
"1242",-47.105,-14.145,NA,NA,NA,NA,"Adirondaq",NA,NA,NA,50,NA,NA,NA,1,NA,TRUE,0,394837.121643066,0,0,64.381601629281,19,"Thayfim",NA
"1245",-63.165,-14.285,NA,NA,NA,NA,"Banff",NA,NA,NA,50,NA,NA,NA,1,NA,TRUE,0,497944.103622437,0,0.000112541114666655,71.9638432796299,25,"Bemaib",NA
"1246",27.365,-14.625,NA,NA,NA,NA,"Stockholm",NA,NA,NA,107.532877229937,NA,NA,NA,1,NA,TRUE,0,312062.583435059,451943.580474854,0.00011926526931655,199.828889007678,30,"Zaikhaesh",NA
"1247",24.935,-14.665,NA,NA,NA,NA,"Stockholm",NA,NA,NA,175.37764318614,NA,NA,NA,1,NA,TRUE,0,1070826.3263092,2409760.92385864,0,75.1385588746877,30,"Matphu",NA
"1250",31.225,-15.575,NA,NA,NA,NA,"Stockholm",NA,NA,NA,100.428378378399,NA,NA,NA,1,NA,TRUE,0,1387356.2101593,289172.460388184,0.00207794073825556,93.0194535904907,30,"Antaen",NA
"1251",60.155,-15.705,NA,NA,NA,NA,"Kiliman",NA,NA,NA,89.6383108144642,NA,NA,NA,1,NA,TRUE,0,1318791.40513611,521743.557266235,0,50.6718368962572,13,"Enau",NA
"1252",-41.425,-15.725,NA,NA,NA,NA,"Adirondaq",NA,NA,NA,50,NA,NA,NA,1,NA,TRUE,0,651220.769165039,32604.2878265381,0,53.2021512318994,19,"Fagatheth",NA
"1254",38.655,-16.085,NA,NA,NA,NA,"Stockholm",NA,NA,NA,229.613617500665,NA,NA,NA,1,NA,TRUE,0,1482383.60084534,4689937.66950989,0,70.5690471839323,30,"Ozan",NA
"1256",35.525,-16.705,NA,NA,NA,NA,"Stockholm",NA,NA,NA,119.03415788659,NA,NA,NA,1,NA,TRUE,0,1524843.49822998,905347.995193481,0,79.3678588363076,30,"Phuan",NA
"1257",-79.725,-17.455,NA,NA,NA,NA,"Adirondaq",NA,NA,NA,50,NA,NA,NA,1,NA,TRUE,0,749491.447429657,15466.9169921875,0,32.1556871002081,22,"Daetslem",NA
"1259",58.815,-17.705,NA,NA,NA,NA,"Kiliman",NA,NA,NA,60.2562302607015,NA,NA,NA,1,NA,TRUE,0,56621.0277709961,86759.2785644531,0,285.193599188459,13,"Luvauph",NA
"1260",41.295,-18.455,NA,NA,NA,NA,"Stockholm",NA,NA,NA,134.317184900659,NA,NA,NA,1,NA,TRUE,0,313440.372314453,942071.764831543,0,160.285840976457,14,"Timkhavus",NA
"1262",22.515,-18.615,NA,NA,NA,NA,"Stockholm",NA,NA,NA,84.0889195745672,NA,NA,NA,1,NA,TRUE,0,162824.90512085,279899.808227539,0,163.390294949023,30,"Phaphae",NA
"1263",-38.805,-18.865,NA,NA,NA,NA,"Adirondaq",NA,NA,NA,50,NA,NA,NA,1,NA,TRUE,0,640215.531677246,0,1.23866006708583e-06,57.719293327259,19,"Gathtaiw",NA
"1264",35.795,-19.045,NA,NA,NA,NA,"Stockholm",NA,NA,NA,69.7646862232962,NA,NA,NA,1,NA,TRUE,0,921040.137451172,212372.790679932,0,93.1743126036834,30,"Pompha",NA
"1265",28.005,-19.085,NA,NA,NA,NA,"Stockholm",NA,NA,NA,50,NA,NA,NA,1,NA,TRUE,0,377580.0546875,0,0.00118313270579276,171.837078269335,30,"Taepha",NA
"1266",-81.375,-19.265,NA,NA,NA,NA,"Adirondaq",NA,NA,NA,50,NA,NA,NA,1,NA,TRUE,0,421085.03843689,12494.3718109131,0,27.29327512758,22,"Veiphlei",NA
"1267",47.705,-19.435,NA,NA,NA,NA,"Stockholm",NA,NA,NA,101.470189668089,NA,NA,NA,1,NA,TRUE,0,374331.15222168,487747.952362061,0,138.682836782512,14,"Khekhavi",NA
"1268",29.395,-19.505,NA,NA,NA,NA,"Stockholm",NA,NA,NA,50,NA,NA,NA,1,NA,TRUE,0,136968.952865601,28728.178237915,0,335.801353125413,30,"Phuoz",NA
"1269",-81.645,-19.845,NA,NA,NA,NA,"Adirondaq",NA,NA,NA,50,NA,NA,NA,1,NA,TRUE,0,0,0,0,163.187156011461,22,"Daetsxo",NA
"1270",-81.375,-19.995,NA,NA,NA,NA,"Adirondaq",NA,NA,NA,50,NA,NA,NA,1,NA,TRUE,0,254846.310508728,0,0,16.4002957244581,22,"Phitseng",NA
"1272",59.575,-20.465,NA,NA,NA,NA,"Kiliman",NA,NA,NA,64.6728642618501,NA,NA,NA,1,NA,TRUE,0,714190.152664185,215663.544403076,0,53.94028998247,13,"Buphubor",NA
"1273",-80.065,-20.475,NA,NA,NA,NA,"Adirondaq",NA,NA,NA,161.961431994651,NA,NA,NA,1,NA,TRUE,0,485960.786373138,2331022.15840912,0.000722492721987349,19.1355499487045,22,"Zokhdaets",NA
"1274",-58.965,-20.745,NA,NA,NA,NA,"Adirondaq",NA,NA,NA,130.458429499395,NA,NA,NA,1,NA,TRUE,0,461982.849758148,1533322.09989166,0,35.5083784673973,26,"Airyoy",NA
"1275",44.645,-20.805,NA,NA,NA,NA,"Stockholm",NA,NA,NA,210.033586348533,NA,NA,NA,1,NA,TRUE,0,1266634.97268677,3717715.03849792,0,75.1184052247194,14,"Xaenta",NA
"1277",-72.145,-21.535,NA,NA,NA,NA,"Adirondaq",NA,NA,NA,50,NA,NA,NA,1,NA,TRUE,0,168002.456851959,59169.8611297607,0,31.246368342837,24,"Fuyainano",NA
"1278",39.725,-21.745,NA,NA,NA,NA,"Stockholm",NA,NA,NA,57.9201338332991,NA,NA,NA,1,NA,TRUE,0,253385.658493042,89046.2071609497,9.02452334591104e-06,203.024460729823,14,"Tawae",NA
"1279",-77.795,-22.195,NA,NA,NA,NA,"Adirondaq",NA,NA,NA,66.8763316901118,NA,NA,NA,1,NA,TRUE,0,267346.128761292,317668.778144836,0,25.4186125939051,22,"Kheidaiz",NA
"1280",-36.685,-22.195,NA,NA,NA,NA,"Adirondaq",NA,NA,NA,87.9469226810834,NA,NA,NA,1,NA,TRUE,0,494376.047142029,570885.240081787,0,35.1821175878399,19,"Mambaef",NA
"1281",-70.395,-22.565,NA,NA,NA,NA,"Banff",NA,NA,NA,50,NA,NA,NA,1,NA,TRUE,0,50785.5380516052,8013.65796279907,2.65427157232678e-06,112.176121808013,24,"Raexah",NA
"1282",-71.655,-22.665,NA,NA,NA,NA,"Adirondaq",NA,NA,NA,128.443531280552,NA,NA,NA,1,NA,TRUE,0,475076.410453796,1415961.8527565,0,39.7178103900489,24,"Daitseano",NA
"1283",45.025,-22.895,NA,NA,NA,NA,"Stockholm",NA,NA,NA,52.0387589617795,NA,NA,NA,1,NA,TRUE,0,1056589.31781006,106209.345993042,0,68.0072172962433,14,"Vautsrai",NA
"1284",38.475,-22.985,NA,NA,NA,NA,"Stockholm",NA,NA,NA,50,NA,NA,NA,1,NA,TRUE,0,516150.48613739,0,0,100.180193292559,14,"Ivain",NA
"1285",68.495,-23.305,NA,NA,NA,NA,"Kiliman",NA,NA,NA,62.6405692814116,NA,NA,NA,1,NA,TRUE,0,345200.467926025,182297.202537537,0,65.8102778531228,12,"Matmei",NA
"1287",62.895,-24.115,NA,NA,NA,NA,"Kiliman",NA,NA,NA,153.164254707262,NA,NA,NA,1,NA,TRUE,0,649107.319656372,2383022.73152924,0,31.1435875467694,12,"Bitmei",NA
"1288",33.865,-24.335,NA,NA,NA,NA,"Stockholm",NA,NA,NA,348.584558265413,NA,NA,NA,1,NA,TRUE,0,853498.349609375,5762004.5464859,0.00750734171516906,38.2581597950627,27,"Xaunwo",NA
"1289",33.875,-24.355,NA,NA,NA,NA,"Stockholm",NA,NA,NA,113.669357984474,NA,NA,NA,1,NA,TRUE,0,464010.490859985,1059644.23718262,0,38.1880308709075,27,"Aubu",NA
"1290",-62.835,-24.485,NA,NA,NA,NA,"Adirondaq",NA,NA,NA,103.075291627185,NA,NA,NA,1,NA,TRUE,0,319917.04863739,724345.690826416,0,54.6184838463804,26,"Hrayoya",NA
"1291",27.585,-24.675,NA,NA,NA,NA,"Stockholm",NA,NA,NA,79.7436734392952,NA,NA,NA,1,NA,TRUE,0,151437.545295715,189630.257278442,0,300.68174164483,30,"Ozpha",NA
"1292",33.905,-24.985,NA,NA,NA,NA,"Stockholm",NA,NA,NA,308.827968106085,NA,NA,NA,1,NA,TRUE,0,1369132.27677155,5959766.95182037,0.00281739796586216,37.4288721993681,27,"Buwauman",NA
"1293",-34.555,-26.115,NA,NA,NA,NA,"Fingers",NA,NA,NA,128.851787042627,NA,NA,NA,1,NA,TRUE,0,567700.835655212,1279535.03374481,0.000120185416794956,42.7230655435683,19,"Fafim",NA
"1294",77.635,-26.945,NA,NA,NA,NA,"Kiliman",NA,NA,NA,55.8211268721395,NA,NA,NA,1,NA,TRUE,0,143569.337005615,82996.2301712036,0,188.537486956128,12,"Phibiuth",NA
"1295",-35.325,-26.965,NA,NA,NA,NA,"Adirondaq",NA,NA,NA,50,NA,NA,NA,1,NA,TRUE,0,30130.1343231201,3815.96607971191,0.000866097661622135,116.625125302002,19,"Saevai",NA
"1297",29.305,-27.205,NA,NA,NA,NA,"Stockholm",NA,NA,NA,115.675005330425,NA,NA,NA,1,NA,TRUE,0,445322.041603088,733512.370201111,0,114.495396667907,27,"Xaunau",NA
"1299",-73.945,-27.775,NA,NA,NA,NA,"Adirondaq",NA,NA,NA,108.678177319803,NA,NA,NA,1,NA,TRUE,0,297789.652076721,867912.227493286,0,48.2010429275614,24,"Xahdu",NA
"1300",-60.025,-28.015,NA,NA,NA,NA,"Adirondaq",NA,NA,NA,94.4415178394985,NA,NA,NA,1,NA,TRUE,0,176503.628318787,367927.631542206,0.000390177921132036,98.198650298679,21,"Chungueth",NA
"1301",-62.215,-28.255,NA,NA,NA,NA,"Adirondaq",NA,NA,NA,131.991996154537,NA,NA,NA,1,NA,TRUE,0,393489.607765198,1679411.11933899,0,29.9490947007957,21,"Khausopus",NA
"1302",-62.005,-28.295,NA,NA,NA,NA,"Adirondaq",NA,NA,NA,84.9921444404241,NA,NA,NA,1,NA,TRUE,0,446369.561641693,487214.157367706,0.000196416096352181,30.0344160605725,21,"Khauso",NA
"1303",-62.245,-28.475,NA,NA,NA,NA,"Adirondaq",NA,NA,NA,64.1699151276971,NA,NA,NA,1,NA,TRUE,0,522467.627235413,155566.772819519,0.00124750763899359,31.4782824407313,21,"Sumpith",NA
"1304",31.955,-28.645,NA,NA,NA,NA,"Stockholm",NA,NA,NA,1566.22267189995,NA,NA,NA,8,NA,TRUE,0,393463.803726196,614201.769798279,0,0,61,"Releixes",NA
"1305",33.865,-28.675,NA,NA,NA,NA,"Stockholm",NA,NA,NA,50,NA,NA,NA,1,NA,TRUE,0,196113.234786987,0,0,113.034231725152,27,"Shosba",NA
"1306",33.985,-28.695,NA,NA,NA,NA,"Stockholm",NA,NA,NA,50,NA,NA,NA,1,NA,TRUE,0,0,0,0.000722545236607704,220.807886884298,27,"Uffai",NA
"1307",34.005,-28.695,NA,NA,NA,NA,"Stockholm",NA,NA,NA,50,NA,NA,NA,1,NA,TRUE,0,0,0,0.00290915177148987,294.544584870954,27,"Baxaunel",NA
"1308",33.995,-28.705,NA,NA,NA,NA,"Stockholm",NA,NA,NA,50,NA,NA,NA,1,NA,TRUE,0,0,0,0.00219090588401825,253.97315509551,27,"Shaimshos",NA
"1309",33.955,-28.825,NA,NA,NA,NA,"Stockholm",NA,NA,NA,50,NA,NA,NA,1,NA,TRUE,0,316692.789581299,0,0,102.311174914209,27,"Aushdai",NA
"1310",-40.305,-29.905,NA,NA,NA,NA,"Adirondaq",NA,NA,NA,131.98042110122,NA,NA,NA,1,NA,TRUE,0,518620.950714111,1350044.84857941,2.12341725786142e-05,51.9821447261307,17,"Uxsa",NA
"1311",-10.265,-29.905,NA,NA,NA,NA,"Fingers",NA,NA,NA,2908.50561173046,NA,NA,NA,9,NA,TRUE,0,559624.944908142,1140570.54550171,0,0,62,"Ibaefaru",NA
"1312",-36.835,-30.375,NA,NA,NA,NA,"Adirondaq",NA,NA,NA,95.223904721747,NA,NA,NA,1,NA,TRUE,0,59746.4127883911,163436.865203857,0.00339384895566798,175.748369248046,17,"Chmude",NA
"1313",35.725,-30.585,NA,NA,NA,NA,"Stockholm",NA,NA,NA,79.1973091490836,NA,NA,NA,1,NA,TRUE,0,1068717.39589691,373112.287712097,5.30854314465355e-07,52.5639301042045,27,"Waumwo",NA
"1314",-0.175000000000026,-30.595,NA,NA,NA,NA,"Fingers",NA,NA,NA,106.01761585105,NA,NA,NA,1,NA,TRUE,0,160777.924850464,515624.504806519,0,160.935477288962,16,"Monzsae",NA
"1317",-32.785,-31.585,NA,NA,NA,NA,"Fingers",NA,NA,NA,163.408952822862,NA,NA,NA,1,NA,TRUE,0,674867.588226318,2611813.5258255,0,37.3602861285211,17,"Alchesoi",NA
"1319",-48.805,-32.035,NA,NA,NA,NA,"Adirondaq",NA,NA,NA,109.043833166218,NA,NA,NA,1,NA,TRUE,0,870182.347259521,964591.777389526,0,37.1565317482628,17,"Chaegeng",NA
"1320",-58.975,-32.855,NA,NA,NA,NA,"Adirondaq",NA,NA,NA,92.665308964982,NA,NA,NA,1,NA,TRUE,0,216358.77003479,425171.594184875,0,107.77798351882,21,"Mxupithus",NA
"1322",-63.635,-33.015,NA,NA,NA,NA,"Adirondaq",NA,NA,NA,50,NA,NA,NA,1,NA,TRUE,0,277947.433364868,3110.95560455322,0,71.6874152686386,21,"Tumxu",NA
"1323",-45.305,-33.775,NA,NA,NA,NA,"Adirondaq",NA,NA,NA,64.5035928264606,NA,NA,NA,1,NA,TRUE,0,139352.862380981,142042.048782349,2.49501527798717e-05,138.687476395532,17,"Chmusa",NA
"1324",-19.375,-34.205,NA,NA,NA,NA,"Fingers",NA,NA,NA,62.0456198706205,NA,NA,NA,1,NA,TRUE,0,298626.765052795,150767.280647278,0.000719307596100557,39.0764881000363,15,"Yumsul",NA
"1325",-19.385,-34.215,NA,NA,NA,NA,"Fingers",NA,NA,NA,148.968718907259,NA,NA,NA,1,NA,TRUE,0,579442.64654541,1959369.92446899,6.90110608804962e-05,38.795785164619,15,"Mautsu",NA
"1327",-37.065,-34.525,NA,NA,NA,NA,"Adirondaq",NA,NA,NA,85.1991233707934,NA,NA,NA,1,NA,TRUE,0,908454.679496765,446040.934051514,0,54.1944951555321,17,"Sungdeira",NA
"1328",-14.005,-34.615,NA,NA,NA,NA,"Fingers",NA,NA,NA,50,NA,NA,NA,1,NA,TRUE,0,489557.048843384,0,3.18512588679213e-06,60.9367709653316,15,"Rakheis",NA
"1331",-55.925,-34.745,NA,NA,NA,NA,"Adirondaq",NA,NA,NA,90.450286910782,NA,NA,NA,1,NA,TRUE,0,971792.823501587,617940.761611938,0,34.4952908286239,21,"Pithdauph",NA
"1332",-62.655,-34.855,NA,NA,NA,NA,"Adirondaq",NA,NA,NA,109.315867026076,NA,NA,NA,1,NA,TRUE,0,874944.86378479,875840.976158142,0,48.9336719126265,21,"Khaupith",NA
"1333",-16.165,-35.255,NA,NA,NA,NA,"Fingers",NA,NA,NA,210.419614937764,NA,NA,NA,1,NA,TRUE,0,1394367.17356873,4771483.43511963,0,37.3301695039209,15,"Uzu",NA
"1336",-22.955,-35.825,NA,NA,NA,NA,"Fingers",NA,NA,NA,228.07211466111,NA,NA,NA,1,NA,TRUE,0,953979.115447998,2551200.52981567,0.00662081501001191,25.0227305709372,15,"Rasul",NA
"1337",-37.295,-36.115,NA,NA,NA,NA,"Adirondaq",NA,NA,NA,390.391304372711,NA,NA,NA,11,NA,TRUE,0,591842.408691406,153094.105697632,0,0,64,"Wudlaihon",NA
"1338",-29.585,-36.655,NA,NA,NA,NA,"Fingers",NA,NA,NA,50,NA,NA,NA,1,NA,TRUE,0,105160.776046753,0,0,175.687163857176,17,"Daexdeira",NA
"1339",-11.155,-36.915,NA,NA,NA,NA,"Fingers",NA,NA,NA,76.4889839964208,NA,NA,NA,1,NA,TRUE,0,616147.803359985,343721.112319946,0,51.4133756661924,16,"Seimmon",NA
"1340",-36.585,-36.945,NA,NA,NA,NA,"Adirondaq",NA,NA,NA,50,NA,NA,NA,1,NA,TRUE,0,149660.346313477,0,0,176.323889577806,18,"Xongruath",NA
"1341",-31.085,-37.255,NA,NA,NA,NA,"Fingers",NA,NA,NA,50,NA,NA,NA,1,NA,TRUE,0,264560.776077271,0,0,97.8778132530731,17,"Dxudeeth",NA
"1342",-33.675,-37.335,NA,NA,NA,NA,"Fingers",NA,NA,NA,159.431051167307,NA,NA,NA,1,NA,TRUE,0,929921.076339722,2271935.83348083,0,46.5972988608424,18,"Xauxxorus",NA
"1344",0.0849999999999795,-38.045,NA,NA,NA,NA,"Fingers",NA,NA,NA,50,NA,NA,NA,1,NA,TRUE,0,764074.853424072,31735.8000793457,0,36.6655984863438,16,"Yeimaum",NA
"1345",-83.395,-38.585,NA,NA,NA,NA,"Adirondaq",NA,NA,NA,50,NA,NA,NA,1,NA,TRUE,0,776196.77620697,19702.7613525391,0,26.3594955628512,20,"Zuwoaru",NA
"1346",-12.965,-38.875,NA,NA,NA,NA,"Fingers",NA,NA,NA,119.149668363391,NA,NA,NA,1,NA,TRUE,0,704799.193252563,1081778.69233704,0,49.6033111233577,16,"Yauzsae",NA
"1348",-68.045,-39.555,NA,NA,NA,NA,"Adirondaq",NA,NA,NA,96.8061203539363,NA,NA,NA,1,NA,TRUE,0,194182.799232483,335297.885696411,0.000723428036731883,106.283051788562,20,"Waetsyu",NA
"1349",-4.22500000000002,-39.915,NA,NA,NA,NA,"Fingers",NA,NA,NA,127.376480664469,NA,NA,NA,1,NA,TRUE,0,923733.60446167,1384144.78851318,0,39.9388326277622,16,"Saeyau",NA
"1350",-71.165,-40.295,NA,NA,NA,NA,"Adirondaq",NA,NA,NA,166.076402211915,NA,NA,NA,1,NA,TRUE,0,957894.192817688,2807754.81983948,0,34.0485578880161,20,"Yaushzaem",NA
"1351",-67.715,-40.305,NA,NA,NA,NA,"Adirondaq",NA,NA,NA,107.685586351133,NA,NA,NA,1,NA,TRUE,0,1045284.03302765,954673.085968018,0,35.1038749745553,20,"Khotsor",NA
"1353",-67.905,-41.255,NA,NA,NA,NA,"Adirondaq",NA,NA,NA,50,NA,NA,NA,1,NA,TRUE,0,389709.709915161,0,0,66.7646635589818,20,"Yutszuar",NA
"1354",-6.08500000000002,-41.425,NA,NA,NA,NA,"Fingers",NA,NA,NA,142.064767982043,NA,NA,NA,1,NA,TRUE,0,874766.703445435,1826575.01255798,0,39.0796194765003,16,"Naunaub",NA
"1355",-72.805,-42.235,NA,NA,NA,NA,"Adirondaq",NA,NA,NA,84.9897810609258,NA,NA,NA,1,NA,TRUE,0,252050.156814575,412804.621261597,0,65.1477978631164,20,"Khuwaets",NA
"1356",-41.615,-42.675,NA,NA,NA,NA,"Adirondaq",NA,NA,NA,105.139788977152,NA,NA,NA,1,NA,TRUE,0,207467.850067139,563327.126274109,0,120.874238649388,18,"Laithauth",NA
"1358",-31.285,-43.055,NA,NA,NA,NA,"Fingers",NA,NA,NA,78.0689044314629,NA,NA,NA,1,NA,TRUE,0,898389.79737854,374308.167495728,0,47.3869851641305,18,"Vrairuus",NA
"1359",-46.105,-43.125,NA,NA,NA,NA,"Adirondaq",NA,NA,NA,61.4920951429676,NA,NA,NA,1,NA,TRUE,0,105340.832000732,111693.874534607,0,185.356619666697,23,"Shevud",NA
"1360",-41.555,-43.255,NA,NA,NA,NA,"Adirondaq",NA,NA,NA,133.836326026702,NA,NA,NA,1,NA,TRUE,0,792166.526565552,1416820.96112061,0,52.3043480496894,18,"Laexbai",NA
"1361",-72.565,-43.865,NA,NA,NA,NA,"Adirondaq",NA,NA,NA,189.681055614882,NA,NA,NA,1,NA,TRUE,0,1096830.75010681,4639000.48067474,0,20.0455766873588,20,"Zaivow",NA
"1362",-17.235,-44.275,NA,NA,NA,NA,"Fingers",NA,NA,NA,74.1125542270445,NA,NA,NA,1,NA,TRUE,0,216528.47366333,221851.687271118,0,125.383391643123,16,"Kaensae",NA
"1363",-14.015,-44.305,NA,NA,NA,NA,"Fingers",NA,NA,NA,54.1744759536871,NA,NA,NA,1,NA,TRUE,0,412456.253326416,114051.240310669,0,75.6556090232849,16,"Aumzon",NA
"1365",-10.185,-44.805,NA,NA,NA,NA,"Fingers",NA,NA,NA,59.0421438446587,NA,NA,NA,1,NA,TRUE,0,113713.42880249,97220.1683502197,0,193.407052873538,16,"Saekauk",NA
"1366",-44.645,-44.835,NA,NA,NA,NA,"Adirondaq",NA,NA,NA,103.405809278385,NA,NA,NA,1,NA,TRUE,0,175319.545120239,510491.235649109,0,139.797827487519,23,"Sheek",NA
"1367",-49.615,-45.045,NA,NA,NA,NA,"Adirondaq",NA,NA,NA,124.067657271924,NA,NA,NA,1,NA,TRUE,0,352729.301807404,1059466.80136299,0,68.8395154780862,23,"Uvafeth",NA
"1369",-45.575,-45.725,NA,NA,NA,NA,"Adirondaq",NA,NA,NA,77.6876410985159,NA,NA,NA,1,NA,TRUE,0,400749.811950684,320132.686346054,0,68.4430926044217,23,"Ixnusheth",NA
"1370",-72.385,-45.805,NA,NA,NA,NA,"Adirondaq",NA,NA,NA,88.5514620124885,NA,NA,NA,1,NA,TRUE,0,428822.370893478,375988.294139862,0.000722669673425504,43.5918336443816,20,"Laizu",NA
"1372",-77.735,-48.915,NA,NA,NA,NA,"Adirondaq",NA,NA,NA,50,NA,NA,NA,1,NA,TRUE,0,44260.5872612,42871.5560684204,0,148.020593375518,20,"Yutswaets",NA
"1374",-71.725,-61.995,NA,NA,NA,NA,"Adirondaq",NA,NA,NA,64.3576487706629,NA,NA,NA,1,NA,TRUE,0,38953.666633606,128577.999891281,0.00144493029027967,45.3352915688229,20,"Vowzu",NA
